,Position,Name,Salary,GameInfo,AvgPointsPerGame,teamAbbrev,Week,Year,GID,Pos,Team,h/a,Oppt,FD points,FD salary
0,RB,Duke Johnson Jr.,4200,CLE@IND 01:00PM ET,9.82,CLE,,,,,,,,,
1,WR,Ted Ginn Jr.,4100,NO@CAR 01:00PM ET,11.04,NO,3.0,2017.0,3670.0,WR,nor,a,car,12.9,5800.0
2,RB,D'Onta Foreman,4000,HOU@NE 01:00PM ET,3.21,HOU,3.0,2017.0,5539.0,RB,hou,a,nwe,10.0,4700.0
3,RB,De'Angelo Henderson,3600,DEN@BUF 01:00PM ET,1.59,DEN,3.0,2017.0,5561.0,RB,den,a,buf,0.1,4500.0
4,WR,Jaelen Strong,3500,BAL@JAX 09:30AM ET,0.0,JAX,,,,,,,,,
5,WR,Victor Bolden Jr.,3000,LAR@SF 08:25PM ET,0.0,SF,,,,,,,,,
6,WR,Kendrick Bourne,3000,LAR@SF 08:25PM ET,0.0,SF,,,,,,,,,
7,WR,Keelan Cole,3000,BAL@JAX 09:30AM ET,0.0,JAX,3.0,2017.0,5570.0,WR,jac,h,bal,1.8,4500.0
8,WR,Damiere Byrd,3000,NO@CAR 01:00PM ET,0.0,CAR,3.0,2017.0,5531.0,WR,car,h,nor,0.0,4500.0
9,RB,Trey Edmunds,3000,NO@CAR 01:00PM ET,0.0,NO,3.0,2017.0,5573.0,RB,nor,a,car,0.0,4500.0
10,RB,Michael Burton,3000,PIT@CHI 01:00PM ET,0.0,CHI,3.0,2017.0,5415.0,RB,chi,h,pit,0.0,4500.0
11,WR,Andre Roberts,3000,ATL@DET 01:00PM ET,0.0,ATL,3.0,2017.0,3978.0,WR,atl,a,det,1.7,4500.0
12,WR,TJ Jones,3000,ATL@DET 01:00PM ET,0.0,DET,,,,,,,,,
13,RB,Tion Green,3000,ATL@DET 01:00PM ET,0.0,DET,,,,,,,,,
14,RB,Danny Vitale,3000,CLE@IND 01:00PM ET,0.0,CLE,,,,,,,,,
15,WR,Reggie Davis,3000,CLE@IND 01:00PM ET,0.0,CLE,,,,,,,,,
16,WR,Bernard Reedy,3000,TB@MIN 01:00PM ET,0.0,TB,3.0,2017.0,5283.0,WR,tam,a,min,1.4,0.0
17,WR,Matthew Slater,3000,HOU@NE 01:00PM ET,0.0,NE,,,,,,,,,
18,RB,Jordan Todman,3000,HOU@NE 01:00PM ET,0.0,HOU,3.0,2017.0,2840.0,RB,hou,a,nwe,0.0,4500.0
19,RB,Brandon Bolden,3000,HOU@NE 01:00PM ET,0.0,NE,3.0,2017.0,2874.0,RB,nwe,h,hou,0.0,4500.0
20,WR,Tavarres King,3000,NYG@PHI 01:00PM ET,0.0,NYG,,,,,,,,,
21,RB,Shane Smith,3000,NYG@PHI 01:00PM ET,0.0,NYG,,,,,,,,,
22,WR,De'Anthony Thomas,3000,KC@LAC 04:25PM ET,0.66,KC,3.0,2017.0,2958.0,WR,kan,a,lac,1.9,4600.0
23,TE,Richard Rodgers,2700,CIN@GB 04:25PM ET,0.0,GB,3.0,2017.0,4629.0,TE,gnb,h,cin,0.0,4600.0
24,TE,Evan Baylis,2600,HOU@NE 01:00PM ET,0.0,HOU,,,,,,,,,
25,TE,Kyle Nelson,2500,LAR@SF 08:25PM ET,0.0,SF,,,,,,,,,
26,TE,James O'Shaughnessy,2500,BAL@JAX 09:30AM ET,0.0,JAX,3.0,2017.0,4664.0,TE,jac,h,bal,1.7,4500.0
27,TE,Nick O'Leary,2500,DEN@BUF 01:00PM ET,1.18,BUF,3.0,2017.0,4661.0,TE,buf,h,den,3.6,4500.0
28,TE,Michael Hoomanawanui,2500,NO@CAR 01:00PM ET,0.0,NO,3.0,2017.0,4499.0,TE,nor,a,car,0.0,4500.0
29,TE,Andrew DePaola,2500,PIT@CHI 01:00PM ET,0.0,CHI,,,,,,,,,
30,TE,Kevin McDermott,2500,TB@MIN 01:00PM ET,0.0,MIN,,,,,,,,,
31,TE,Antony Auclair,2500,TB@MIN 01:00PM ET,0.0,TB,,,,,,,,,
32,TE,Matt LaCosse,2500,NYG@PHI 01:00PM ET,0.0,NYG,,,,,,,,,
33,TE,Beau Brinkley,2500,SEA@TEN 04:05PM ET,0.0,TEN,,,,,,,,,
34,TE,Tyler Ott,2500,SEA@TEN 04:05PM ET,0.0,SEA,,,,,,,,,
35,TE,Clark Harris,2500,CIN@GB 04:25PM ET,0.0,CIN,3.0,2017.0,4391.0,TE,cin,a,gnb,0.0,4500.0
36,TE,Cethan Carter,2500,CIN@GB 04:25PM ET,0.0,CIN,,,,,,,,,
37,TE,James Winchester,2500,KC@LAC 04:25PM ET,0.0,KC,,,,,,,,,
38,TE,Sean Culkin,2500,KC@LAC 04:25PM ET,0.0,LAC,,,,,,,,,
39,TE,James Hanna,2500,DAL@ARI 08:30PM ET,0.0,DAL,3.0,2017.0,4553.0,TE,dal,a,ari,0.0,4500.0
40,QB,Aaron Rodgers,7300,CIN@GB 04:25PM ET,22.46,GB,3.0,2017.0,1252.0,QB,gnb,h,cin,25.82,9300.0
41,QB,Matt Ryan,7100,ATL@DET 01:00PM ET,21.4,ATL,3.0,2017.0,1301.0,QB,atl,a,det,16.66,8500.0
42,WR,Julio Jones,9300,ATL@DET 01:00PM ET,21.28,ATL,3.0,2017.0,5089.0,WR,atl,a,det,12.6,9300.0
43,QB,Drew Brees,7200,NO@CAR 01:00PM ET,21.02,NO,3.0,2017.0,1151.0,QB,nor,a,car,20.8,8400.0
44,QB,Tom Brady,7700,HOU@NE 01:00PM ET,20.21,NE,3.0,2017.0,1131.0,QB,nwe,h,hou,35.72,9400.0
45,QB,Cam Newton,6600,NO@CAR 01:00PM ET,19.51,CAR,3.0,2017.0,1378.0,QB,car,h,nor,11.28,8100.0
46,QB,Matthew Stafford,6200,ATL@DET 01:00PM ET,18.87,DET,3.0,2017.0,1340.0,QB,det,h,atl,16.46,7900.0
47,RB,Ezekiel Elliott,8300,DAL@ARI 08:30PM ET,18.66,DAL,3.0,2017.0,5444.0,RB,dal,a,ari,16.9,8800.0
48,QB,Kirk Cousins,6100,OAK@WAS 08:30PM ET,18.49,WAS,3.0,2017.0,1415.0,QB,was,h,oak,26.8,7600.0
49,QB,Russell Wilson,6300,SEA@TEN 04:05PM ET,18.29,SEA,3.0,2017.0,1412.0,QB,sea,a,ten,33.52,7800.0
50,WR,Antonio Brown,9000,PIT@CHI 01:00PM ET,18.25,PIT,3.0,2017.0,3474.0,WR,pit,a,chi,22.0,9000.0
51,RB,Le'Veon Bell,8800,PIT@CHI 01:00PM ET,18.21,PIT,3.0,2017.0,2888.0,RB,pit,a,chi,18.8,8700.0
52,QB,Alex Smith,5900,KC@LAC 04:25PM ET,18.07,KC,3.0,2017.0,1254.0,QB,kan,a,lac,15.1,7400.0
53,RB,Kareem Hunt,8000,KC@LAC 04:25PM ET,17.77,KC,3.0,2017.0,5560.0,RB,kan,a,lac,24.8,8300.0
54,QB,Philip Rivers,6400,KC@LAC 04:25PM ET,17.52,LAC,3.0,2017.0,1231.0,QB,lac,h,kan,6.48,7500.0
55,RB,Devonta Freeman,6700,ATL@DET 01:00PM ET,17.5,ATL,3.0,2017.0,2930.0,RB,atl,a,det,21.3,8200.0
56,QB,Dak Prescott,5800,DAL@ARI 08:30PM ET,17.21,DAL,3.0,2017.0,1501.0,QB,dal,a,ari,22.92,7800.0
57,QB,Carson Palmer,6000,DAL@ARI 08:30PM ET,17.08,ARI,3.0,2017.0,1207.0,QB,ari,h,dal,21.7,7300.0
58,QB,Jameis Winston,6000,TB@MIN 01:00PM ET,16.92,TB,3.0,2017.0,1465.0,QB,tam,a,min,18.52,7400.0
59,RB,LeSean McCoy,7000,DEN@BUF 01:00PM ET,16.51,BUF,3.0,2017.0,2707.0,RB,buf,h,den,10.4,8100.0
60,WR,Keenan Allen,7200,KC@LAC 04:25PM ET,16.43,LAC,3.0,2017.0,5198.0,WR,lac,h,kan,8.6,7200.0
61,RB,Melvin Gordon,7600,KC@LAC 04:25PM ET,16.39,LAC,3.0,2017.0,2991.0,RB,lac,h,kan,13.9,7600.0
62,WR,Mike Evans,7500,TB@MIN 01:00PM ET,16.32,TB,3.0,2017.0,5253.0,WR,tam,a,min,10.2,8600.0
63,QB,Jay Cutler,6100,MIA@NYJ 01:00PM ET,16.16,MIA,3.0,2017.0,1263.0,QB,mia,a,nyj,12.7,7400.0
64,QB,Carson Wentz,5900,NYG@PHI 01:00PM ET,16.14,PHI,3.0,2017.0,1514.0,QB,phi,h,nyg,13.24,7700.0
65,WR,Michael Thomas,7000,NO@CAR 01:00PM ET,15.98,NO,3.0,2017.0,5459.0,WR,nor,a,car,18.2,7500.0
66,QB,Andy Dalton,5100,CIN@GB 04:25PM ET,15.9,CIN,3.0,2017.0,1403.0,QB,cin,a,gnb,16.28,6800.0
67,QB,Trevor Siemian,5500,DEN@BUF 01:00PM ET,15.84,DEN,3.0,2017.0,1488.0,QB,den,a,buf,9.56,7400.0
68,QB,Derek Carr,6800,OAK@WAS 08:30PM ET,15.83,OAK,3.0,2017.0,1441.0,QB,oak,a,was,7.22,8400.0
69,WR,Odell Beckham Jr.,8600,NYG@PHI 01:00PM ET,15.75,NYG,3.0,2017.0,5323.0,WR,nyg,a,phi,24.4,8800.0
70,QB,Ben Roethlisberger,6200,PIT@CHI 01:00PM ET,15.73,PIT,3.0,2017.0,1232.0,QB,pit,a,chi,12.0,8000.0
71,RB,Todd Gurley II,6800,LAR@SF 08:25PM ET,15.72,LAR,,,,,,,,,
72,WR,A.J. Green,8100,CIN@GB 04:25PM ET,15.54,CIN,3.0,2017.0,5091.0,WR,cin,a,gnb,22.1,7500.0
73,RB,Ty Montgomery,6900,CIN@GB 04:25PM ET,15.42,GB,3.0,2017.0,5392.0,RB,gnb,h,cin,9.0,7200.0
74,WR,Doug Baldwin,6400,SEA@TEN 04:05PM ET,15.28,SEA,3.0,2017.0,5136.0,WR,sea,a,ten,21.5,7400.0
75,RB,Jay Ajayi,7700,MIA@NYJ 01:00PM ET,15.0,MIA,3.0,2017.0,2998.0,RB,mia,a,nyj,3.5,8200.0
76,QB,Blake Bortles,4400,BAL@JAX 09:30AM ET,14.99,JAX,3.0,2017.0,1442.0,QB,jac,h,bal,27.56,7000.0
77,QB,DeShone Kizer,5000,CLE@IND 01:00PM ET,14.92,CLE,3.0,2017.0,1517.0,QB,cle,a,ind,25.08,6900.0
78,WR,Michael Crabtree,7400,OAK@WAS 08:30PM ET,14.8,OAK,3.0,2017.0,3872.0,WR,oak,a,was,1.2,7700.0
79,WR,Davante Adams,5600,CIN@GB 04:25PM ET,14.79,GB,3.0,2017.0,5263.0,WR,gnb,h,cin,7.5,6800.0
80,QB,Marcus Mariota,6000,SEA@TEN 04:05PM ET,14.75,TEN,3.0,2017.0,1466.0,QB,ten,h,sea,19.7,7500.0
81,WR,DeAndre Hopkins,6200,HOU@NE 01:00PM ET,14.74,HOU,3.0,2017.0,5206.0,WR,hou,a,nwe,11.1,7500.0
82,WR,Jarvis Landry,6800,MIA@NYJ 01:00PM ET,14.54,MIA,3.0,2017.0,5335.0,WR,mia,a,nyj,7.8,6800.0
83,WR,Demaryius Thomas,5900,DEN@BUF 01:00PM ET,14.52,DEN,3.0,2017.0,3997.0,WR,den,a,buf,12.8,7100.0
84,RB,Dalvin Cook,5900,TB@MIN 01:00PM ET,14.52,MIN,3.0,2017.0,5559.0,RB,min,h,tam,25.4,6500.0
85,QB,Eli Manning,5300,NYG@PHI 01:00PM ET,14.5,NYG,3.0,2017.0,1225.0,QB,nyg,a,phi,24.64,7300.0
86,WR,Golden Tate,6900,ATL@DET 01:00PM ET,14.48,DET,3.0,2017.0,3995.0,WR,det,h,atl,15.3,7400.0
87,RB,Leonard Fournette,6000,BAL@JAX 09:30AM ET,14.43,JAX,3.0,2017.0,5534.0,RB,jac,h,bal,15.5,7400.0
88,WR,Tyreek Hill,6600,KC@LAC 04:25PM ET,14.42,KC,3.0,2017.0,5485.0,WR,kan,a,lac,17.5,7300.0
89,QB,Tyrod Taylor,4900,DEN@BUF 01:00PM ET,14.18,BUF,3.0,2017.0,1400.0,QB,buf,h,den,17.82,7200.0
90,WR,Brandin Cooks,7300,HOU@NE 01:00PM ET,14.15,NE,3.0,2017.0,5255.0,WR,nwe,h,hou,29.6,7500.0
91,WR,Dez Bryant,6800,DAL@ARI 08:30PM ET,14.01,DAL,3.0,2017.0,3891.0,WR,dal,a,ari,8.2,7800.0
92,WR,Amari Cooper,7100,OAK@WAS 08:30PM ET,13.94,OAK,3.0,2017.0,5376.0,WR,oak,a,was,1.1,7700.0
93,WR,Larry Fitzgerald,6400,DAL@ARI 08:30PM ET,13.94,ARI,3.0,2017.0,3501.0,WR,ari,h,dal,27.4,6500.0
94,WR,Emmanuel Sanders,5800,DEN@BUF 01:00PM ET,13.88,DEN,3.0,2017.0,3983.0,WR,den,a,buf,11.0,6900.0
95,TE,Travis Kelce,6000,KC@LAC 04:25PM ET,13.82,KC,3.0,2017.0,4582.0,TE,kan,a,lac,0.6,7100.0
96,QB,Joe Flacco,5300,BAL@JAX 09:30AM ET,13.74,BAL,3.0,2017.0,1302.0,QB,bal,a,jac,-0.88,7100.0
97,QB,Jacoby Brissett,4800,CLE@IND 01:00PM ET,13.66,IND,3.0,2017.0,1496.0,QB,ind,h,cle,27.76,6500.0
98,QB,Mike Glennon,4700,PIT@CHI 01:00PM ET,13.51,CHI,3.0,2017.0,1420.0,QB,chi,h,pit,7.44,6400.0
99,QB,Josh McCown,4500,MIA@NYJ 01:00PM ET,13.41,NYJ,3.0,2017.0,1175.0,QB,nyj,h,mia,14.66,6500.0
100,WR,Kelvin Benjamin,6700,NO@CAR 01:00PM ET,13.38,CAR,3.0,2017.0,5257.0,WR,car,h,nor,1.8,6600.0
101,WR,T.Y. Hilton,5200,CLE@IND 01:00PM ET,13.38,IND,3.0,2017.0,5151.0,WR,ind,h,cle,24.8,6700.0
102,QB,Jared Goff,5200,LAR@SF 08:25PM ET,13.34,LAR,3.0,2017.0,1490.0,QB,lar,a,sfo,23.58,6800.0
103,QB,Deshaun Watson,4700,HOU@NE 01:00PM ET,13.33,HOU,3.0,2017.0,1518.0,QB,hou,a,nwe,22.14,7000.0
104,WR,Terrelle Pryor Sr.,5900,OAK@WAS 08:30PM ET,13.23,WAS,,,,,,,,,
105,WR,Pierre Garcon,5300,LAR@SF 08:25PM ET,13.17,SF,3.0,2017.0,3754.0,WR,sfo,h,lar,17.7,6400.0
106,RB,Carlos Hyde,5200,LAR@SF 08:25PM ET,13.12,SF,3.0,2017.0,2933.0,RB,sfo,h,lar,22.9,6600.0
107,WR,Stefon Diggs,6500,TB@MIN 01:00PM ET,13.0,MIN,3.0,2017.0,5424.0,WR,min,h,tam,33.3,6500.0
108,WR,DeVante Parker,6300,MIA@NYJ 01:00PM ET,12.98,MIA,3.0,2017.0,5380.0,WR,mia,a,nyj,17.6,6500.0
109,RB,Marshawn Lynch,6000,OAK@WAS 08:30PM ET,12.97,OAK,3.0,2017.0,2552.0,RB,oak,a,was,3.1,6700.0
110,RB,C.J. Anderson,5800,DEN@BUF 01:00PM ET,12.86,DEN,3.0,2017.0,2924.0,RB,den,a,buf,5.3,6900.0
111,QB,Brian Hoyer,4800,LAR@SF 08:25PM ET,12.82,SF,3.0,2017.0,1336.0,QB,sfo,h,lar,27.18,6200.0
112,RB,Christian McCaffrey,6100,NO@CAR 01:00PM ET,12.8,CAR,3.0,2017.0,5536.0,RB,car,h,nor,16.2,6800.0
113,WR,Jordy Nelson,7800,CIN@GB 04:25PM ET,12.78,GB,3.0,2017.0,3751.0,WR,gnb,h,cin,20.2,8400.0
114,TE,Jordan Reed,5400,OAK@WAS 08:30PM ET,12.71,WAS,,,,,,,,,
115,WR,Alshon Jeffery,5900,NYG@PHI 01:00PM ET,12.7,PHI,3.0,2017.0,5153.0,WR,phi,h,nyg,7.6,7500.0
116,RB,Isaiah Crowell,4800,CLE@IND 01:00PM ET,12.49,CLE,3.0,2017.0,2969.0,RB,cle,a,ind,6.4,6600.0
117,RB,Tarik Cohen,5600,PIT@CHI 01:00PM ET,12.38,CHI,3.0,2017.0,5564.0,RB,chi,h,pit,12.2,5600.0
118,WR,Sammy Watkins,5500,LAR@SF 08:25PM ET,12.29,LAR,3.0,2017.0,5252.0,WR,lar,a,sfo,25.6,6900.0
119,TE,Zach Ertz,5000,NYG@PHI 01:00PM ET,12.19,PHI,3.0,2017.0,4569.0,TE,phi,h,nyg,13.5,6500.0
120,TE,Rob Gronkowski,6800,HOU@NE 01:00PM ET,12.14,NE,3.0,2017.0,4494.0,TE,nwe,h,hou,18.9,8400.0
121,RB,Mike Gillislee,5700,HOU@NE 01:00PM ET,11.81,NE,3.0,2017.0,2894.0,RB,nwe,h,hou,3.1,6800.0
122,RB,Mark Ingram,4500,NO@CAR 01:00PM ET,11.7,NO,3.0,2017.0,2793.0,RB,nor,a,car,9.6,5800.0
123,WR,Marqise Lee,4400,BAL@JAX 09:30AM ET,11.61,JAX,3.0,2017.0,5256.0,WR,jac,h,bal,8.5,6000.0
124,RB,Frank Gore,4200,CLE@IND 01:00PM ET,11.57,IND,3.0,2017.0,2467.0,RB,ind,h,cle,12.2,6300.0
125,RB,Jacquizz Rodgers,4600,TB@MIN 01:00PM ET,11.54,TB,3.0,2017.0,2818.0,RB,tam,a,min,1.5,6600.0
126,RB,DeMarco Murray,5500,SEA@TEN 04:05PM ET,11.52,TEN,3.0,2017.0,2831.0,RB,ten,h,sea,18.5,6500.0
127,RB,Tevin Coleman,5300,ATL@DET 01:00PM ET,11.45,ATL,3.0,2017.0,2994.0,RB,atl,a,det,10.4,5500.0
128,WR,Adam Thielen,5700,TB@MIN 01:00PM ET,11.43,MIN,3.0,2017.0,5333.0,WR,min,h,tam,12.3,6000.0
129,WR,J.J. Nelson,5300,DAL@ARI 08:30PM ET,11.35,ARI,3.0,2017.0,5409.0,WR,ari,h,dal,0.0,5700.0
130,TE,Kyle Rudolph,4200,TB@MIN 01:00PM ET,11.34,MIN,3.0,2017.0,4537.0,TE,min,h,tam,0.9,5400.0
131,WR,Rishard Matthews,4200,SEA@TEN 04:05PM ET,11.26,TEN,3.0,2017.0,5182.0,WR,ten,h,sea,17.7,6200.0
132,WR,Jeremy Maclin,5200,BAL@JAX 09:30AM ET,11.24,BAL,3.0,2017.0,3830.0,WR,bal,a,jac,1.3,6700.0
133,WR,DeSean Jackson,4600,TB@MIN 01:00PM ET,11.16,TB,3.0,2017.0,3770.0,WR,tam,a,min,16.4,6400.0
134,TE,Delanie Walker,4400,SEA@TEN 04:05PM ET,10.91,TEN,3.0,2017.0,4360.0,TE,ten,h,sea,5.1,6500.0
135,WR,Tyrell Williams,4600,KC@LAC 04:25PM ET,10.84,LAC,3.0,2017.0,5432.0,WR,lac,h,kan,2.5,6500.0
136,WR,Martavis Bryant,5700,PIT@CHI 01:00PM ET,10.63,PIT,3.0,2017.0,5367.0,WR,pit,a,chi,4.0,6500.0
137,QB,Case Keenum,4500,TB@MIN 01:00PM ET,10.58,MIN,3.0,2017.0,1435.0,QB,min,h,tam,28.56,6000.0
138,RB,Chris Thompson,4500,OAK@WAS 08:30PM ET,10.45,WAS,3.0,2017.0,2915.0,RB,was,h,oak,27.8,5600.0
139,TE,Jason Witten,4500,DAL@ARI 08:30PM ET,10.44,DAL,3.0,2017.0,4262.0,TE,dal,a,ari,0.8,5500.0
140,WR,Jamison Crowder,4900,OAK@WAS 08:30PM ET,10.43,WAS,3.0,2017.0,5410.0,WR,was,h,oak,6.2,5700.0
141,RB,Darren Sproles,3900,NYG@PHI 01:00PM ET,10.43,PHI,3.0,2017.0,2484.0,RB,phi,h,nyg,1.1,5200.0
142,TE,Eric Ebron,3300,ATL@DET 01:00PM ET,10.28,DET,3.0,2017.0,4601.0,TE,det,h,atl,1.9,5200.0
143,TE,Martellus Bennett,4000,CIN@GB 04:25PM ET,10.25,GB,3.0,2017.0,4407.0,TE,gnb,h,cin,2.7,5600.0
144,WR,Kendall Wright,4300,PIT@CHI 01:00PM ET,10.13,CHI,3.0,2017.0,5162.0,WR,chi,h,pit,0.0,5600.0
145,TE,Jack Doyle,3600,CLE@IND 01:00PM ET,10.12,IND,3.0,2017.0,4594.0,TE,ind,h,cle,0.6,5300.0
146,RB,Lamar Miller,5000,HOU@NE 01:00PM ET,10.06,HOU,3.0,2017.0,2859.0,RB,hou,a,nwe,6.8,6100.0
147,WR,Jermaine Kearse,4600,MIA@NYJ 01:00PM ET,9.87,NYJ,3.0,2017.0,5186.0,WR,nyj,h,mia,5.7,5800.0
148,RB,Ameer Abdullah,4700,ATL@DET 01:00PM ET,9.74,DET,3.0,2017.0,2995.0,RB,det,h,atl,10.1,6100.0
149,WR,Mohamed Sanu,4500,ATL@DET 01:00PM ET,9.65,ATL,3.0,2017.0,5159.0,WR,atl,a,det,10.8,5400.0
150,WR,Chris Hogan,6100,HOU@NE 01:00PM ET,9.64,NE,3.0,2017.0,5167.0,WR,nwe,h,hou,20.8,6400.0
151,WR,Marvin Jones Jr.,4200,ATL@DET 01:00PM ET,9.64,DET,,,,,,,,,
152,WR,Jordan Matthews,3500,DEN@BUF 01:00PM ET,9.64,BUF,3.0,2017.0,5254.0,WR,buf,h,den,7.6,6200.0
153,WR,Cole Beasley,4700,DAL@ARI 08:30PM ET,9.44,DAL,3.0,2017.0,5163.0,WR,dal,a,ari,0.9,5300.0
154,RB,James White,5400,HOU@NE 01:00PM ET,9.43,NE,3.0,2017.0,2954.0,RB,nwe,h,hou,3.3,5600.0
155,RB,Javorius Allen,5000,BAL@JAX 09:30AM ET,9.43,BAL,3.0,2017.0,5370.0,RB,bal,a,jac,5.3,5700.0
156,WR,Kenny Golladay,4600,ATL@DET 01:00PM ET,9.43,DET,3.0,2017.0,5554.0,WR,det,h,atl,3.5,5900.0
157,WR,Sterling Shepard,4700,NYG@PHI 01:00PM ET,9.42,NYG,3.0,2017.0,5456.0,WR,nyg,a,phi,22.8,6100.0
158,WR,Kenny Stills,4400,MIA@NYJ 01:00PM ET,9.36,MIA,3.0,2017.0,5212.0,WR,mia,a,nyj,7.1,5100.0
159,TE,Jared Cook,3100,OAK@WAS 08:30PM ET,9.24,OAK,3.0,2017.0,4437.0,TE,oak,a,was,12.3,5200.0
160,RB,Jonathan Stewart,4700,NO@CAR 01:00PM ET,9.15,CAR,3.0,2017.0,2612.0,RB,car,h,nor,6.6,6200.0
161,WR,Cooper Kupp,4700,LAR@SF 08:25PM ET,9.08,LAR,3.0,2017.0,5552.0,WR,lar,a,sfo,2.7,5700.0
162,TE,Jimmy Graham,4600,SEA@TEN 04:05PM ET,9.04,SEA,3.0,2017.0,4492.0,TE,sea,a,ten,10.7,6400.0
163,TE,Charles Clay,3400,DEN@BUF 01:00PM ET,9.01,BUF,3.0,2017.0,4543.0,TE,buf,h,den,12.9,5100.0
164,TE,Coby Fleener,4100,NO@CAR 01:00PM ET,9.0,NO,3.0,2017.0,4552.0,TE,nor,a,car,2.6,5700.0
165,RB,Theo Riddick,5100,ATL@DET 01:00PM ET,8.97,DET,3.0,2017.0,2907.0,RB,det,h,atl,5.8,5600.0
166,QB,Sam Bradford,5700,TB@MIN 01:00PM ET,8.89,MIN,,,,,,,,,
167,WR,Allen Hurns,4600,BAL@JAX 09:30AM ET,8.82,JAX,3.0,2017.0,5341.0,WR,jac,h,bal,9.5,6200.0
168,TE,Hunter Henry,3900,KC@LAC 04:25PM ET,8.76,LAC,3.0,2017.0,4675.0,TE,lac,h,kan,0.0,5500.0
169,RB,Terrance West,4900,BAL@JAX 09:30AM ET,8.75,BAL,3.0,2017.0,2929.0,RB,bal,a,jac,0.6,6700.0
170,RB,Alvin Kamara,4000,NO@CAR 01:00PM ET,8.74,NO,3.0,2017.0,5562.0,RB,nor,a,car,11.7,5200.0
171,RB,Chris Carson,4900,SEA@TEN 04:05PM ET,8.67,SEA,3.0,2017.0,5565.0,RB,sea,a,ten,12.2,6000.0
172,WR,Brandon LaFell,3700,CIN@GB 04:25PM ET,8.67,CIN,3.0,2017.0,3946.0,WR,cin,a,gnb,1.0,4600.0
173,WR,Devin Funchess,4200,NO@CAR 01:00PM ET,8.59,CAR,3.0,2017.0,5381.0,WR,car,h,nor,7.8,4800.0
174,WR,Robby Anderson,3400,MIA@NYJ 01:00PM ET,8.57,NYJ,3.0,2017.0,5502.0,WR,nyj,h,mia,17.0,5200.0
175,RB,Rob Kelley,4200,OAK@WAS 08:30PM ET,8.51,WAS,,,,,,,,,
176,RB,Matt Forte,4300,MIA@NYJ 01:00PM ET,8.5,NYJ,3.0,2017.0,2613.0,RB,nyj,h,mia,2.5,5500.0
177,WR,Rashard Higgins,4000,CLE@IND 01:00PM ET,8.47,CLE,3.0,2017.0,5475.0,WR,cle,a,ind,2.0,5100.0
178,TE,Evan Engram,3200,NYG@PHI 01:00PM ET,8.43,NYG,3.0,2017.0,4701.0,TE,nyg,a,phi,7.0,5100.0
179,WR,Mike Wallace,3700,BAL@JAX 09:30AM ET,8.42,BAL,3.0,2017.0,3809.0,WR,bal,a,jac,1.5,5400.0
180,RB,Bilal Powell,4200,MIA@NYJ 01:00PM ET,8.34,NYJ,3.0,2017.0,2819.0,RB,nyj,h,mia,9.7,6000.0
181,WR,Eric Decker,4000,SEA@TEN 04:05PM ET,8.27,TEN,3.0,2017.0,3902.0,WR,ten,h,sea,6.9,5900.0
182,WR,Taylor Gabriel,4000,ATL@DET 01:00PM ET,8.22,ATL,3.0,2017.0,5361.0,WR,atl,a,det,16.4,5100.0
183,WR,Tyler Lockett,4300,SEA@TEN 04:05PM ET,8.2,SEA,3.0,2017.0,5386.0,WR,sea,a,ten,4.0,5800.0
184,WR,Corey Davis,3900,SEA@TEN 04:05PM ET,7.96,TEN,,,,,,,,,
185,WR,Kenny Britt,4100,CLE@IND 01:00PM ET,7.94,CLE,3.0,2017.0,3824.0,WR,cle,a,ind,12.9,5400.0
186,WR,Terrance Williams,3600,DAL@ARI 08:30PM ET,7.83,DAL,3.0,2017.0,5216.0,WR,dal,a,ari,6.2,4700.0
187,WR,Brandon Marshall,5000,NYG@PHI 01:00PM ET,7.8,NYG,3.0,2017.0,3627.0,WR,nyg,a,phi,10.6,6700.0
188,WR,Nelson Agholor,4200,NYG@PHI 01:00PM ET,7.75,PHI,3.0,2017.0,5378.0,WR,phi,h,nyg,3.0,5400.0
189,WR,Robert Woods,3300,LAR@SF 08:25PM ET,7.74,LAR,3.0,2017.0,5217.0,WR,lar,a,sfo,13.8,5200.0
190,RB,Paul Perkins,3800,NYG@PHI 01:00PM ET,7.7,NYG,3.0,2017.0,5472.0,RB,nyg,a,phi,4.0,5900.0
191,RB,Joe Mixon,4500,CIN@GB 04:25PM ET,7.55,CIN,3.0,2017.0,5535.0,RB,cin,a,gnb,11.6,5100.0
192,WR,Donte Moncrief,3800,CLE@IND 01:00PM ET,7.55,IND,3.0,2017.0,5344.0,WR,ind,h,cle,5.4,5400.0
193,TE,Benjamin Watson,3700,BAL@JAX 09:30AM ET,7.54,BAL,,,,,,,,,
194,RB,Derrick Henry,5300,SEA@TEN 04:05PM ET,7.48,TEN,3.0,2017.0,5445.0,RB,ten,h,sea,6.9,6400.0
195,WR,Paul Richardson,4100,SEA@TEN 04:05PM ET,7.48,SEA,3.0,2017.0,5260.0,WR,sea,a,ten,10.0,4900.0
196,RB,LeGarrette Blount,3900,NYG@PHI 01:00PM ET,7.47,PHI,3.0,2017.0,2721.0,RB,phi,h,nyg,12.7,5500.0
197,TE,Jesse James,3300,PIT@CHI 01:00PM ET,7.44,PIT,3.0,2017.0,4653.0,TE,pit,a,chi,2.9,5300.0
198,WR,Marquise Goodwin,3500,LAR@SF 08:25PM ET,7.41,SF,3.0,2017.0,5205.0,WR,sfo,h,lar,7.2,5200.0
199,TE,Zach Miller,3000,PIT@CHI 01:00PM ET,7.4,CHI,3.0,2017.0,4461.0,TE,chi,h,pit,2.2,4800.0
200,TE,Antonio Gates,3000,KC@LAC 04:25PM ET,7.39,LAC,3.0,2017.0,4270.0,TE,lac,h,kan,4.0,5000.0
201,WR,Zay Jones,3100,DEN@BUF 01:00PM ET,7.35,BUF,,,,,,,,,
202,RB,Shane Vereen,4000,NYG@PHI 01:00PM ET,7.27,NYG,3.0,2017.0,2830.0,RB,nyg,a,phi,3.3,4800.0
203,WR,Torrey Smith,3600,NYG@PHI 01:00PM ET,7.24,PHI,3.0,2017.0,5113.0,WR,phi,h,nyg,4.9,5300.0
204,RB,Giovani Bernard,3800,CIN@GB 04:25PM ET,7.2,CIN,3.0,2017.0,2889.0,RB,cin,a,gnb,10.9,5500.0
205,TE,Cameron Brate,3000,TB@MIN 01:00PM ET,7.15,TB,3.0,2017.0,4648.0,TE,tam,a,min,11.3,5100.0
206,WR,Eli Rogers,3600,PIT@CHI 01:00PM ET,7.12,PIT,3.0,2017.0,5478.0,WR,pit,a,chi,-2.0,4700.0
207,TE,Austin Hooper,3800,ATL@DET 01:00PM ET,7.03,ATL,3.0,2017.0,4677.0,TE,atl,a,det,1.4,5400.0
208,TE,Julius Thomas,3000,MIA@NYJ 01:00PM ET,6.98,MIA,3.0,2017.0,4534.0,TE,mia,a,nyj,3.1,5100.0
209,RB,Jerick McKinnon,4000,TB@MIN 01:00PM ET,6.92,MIN,3.0,2017.0,2935.0,RB,min,h,tam,1.4,4800.0
210,TE,Ed Dickson,2700,NO@CAR 01:00PM ET,6.66,CAR,3.0,2017.0,4482.0,TE,car,h,nor,1.3,4500.0
211,WR,Travis Benjamin,3500,KC@LAC 04:25PM ET,6.63,LAC,3.0,2017.0,5173.0,WR,lac,h,kan,13.9,5100.0
212,WR,Brandon Coleman,3900,NO@CAR 01:00PM ET,6.61,NO,3.0,2017.0,5326.0,WR,nor,a,car,7.6,5500.0
213,TE,Tyler Eifert,3900,CIN@GB 04:25PM ET,6.61,CIN,,,,,,,,,
214,RB,Jamaal Charles,4200,DEN@BUF 01:00PM ET,6.52,DEN,3.0,2017.0,2629.0,RB,den,a,buf,12.2,5100.0
215,RB,Adrian Peterson,3900,NO@CAR 01:00PM ET,6.48,NO,3.0,2017.0,2553.0,RB,nor,a,car,4.7,5500.0
216,WR,Chris Conley,3200,KC@LAC 04:25PM ET,6.44,KC,3.0,2017.0,5385.0,WR,kan,a,lac,0.0,4800.0
217,TE,David Njoku,2800,CLE@IND 01:00PM ET,6.4,CLE,3.0,2017.0,4702.0,TE,cle,a,ind,8.2,4500.0
218,DST,Ravens ,3900,BAL@JAX 09:30AM ET,7.81,BAL,,,,,,,,,
219,WR,Deonte Thompson,3500,PIT@CHI 01:00PM ET,6.35,CHI,3.0,2017.0,5160.0,WR,chi,h,pit,1.4,4500.0
220,TE,Jermaine Gresham,2700,DAL@ARI 08:30PM ET,6.33,ARI,3.0,2017.0,4493.0,TE,ari,h,dal,7.2,4500.0
221,RB,Jalen Richard,4100,OAK@WAS 08:30PM ET,6.29,OAK,3.0,2017.0,5490.0,RB,oak,a,was,1.3,5000.0
222,WR,Jaron Brown,3700,DAL@ARI 08:30PM ET,6.29,ARI,3.0,2017.0,5229.0,WR,ari,h,dal,9.7,4500.0
223,WR,Markus Wheaton,3500,PIT@CHI 01:00PM ET,6.25,CHI,3.0,2017.0,5215.0,WR,chi,h,pit,0.0,4600.0
224,RB,Chris Johnson,4200,DAL@ARI 08:30PM ET,6.23,ARI,3.0,2017.0,2645.0,RB,ari,h,dal,2.6,5700.0
225,RB,Charles Sims,3900,TB@MIN 01:00PM ET,6.22,TB,3.0,2017.0,2931.0,RB,tam,a,min,1.8,5500.0
226,TE,George Kittle,2500,LAR@SF 08:25PM ET,6.22,SF,3.0,2017.0,4703.0,TE,sfo,h,lar,1.3,4500.0
227,RB,Chris Ivory,3800,BAL@JAX 09:30AM ET,6.18,JAX,3.0,2017.0,2741.0,RB,jac,h,bal,5.2,4700.0
228,WR,Seth Roberts,3400,OAK@WAS 08:30PM ET,6.13,OAK,3.0,2017.0,5408.0,WR,oak,a,was,2.0,5000.0
229,WR,Jeremy Kerley,3600,MIA@NYJ 01:00PM ET,6.02,NYJ,3.0,2017.0,5111.0,WR,nyj,h,mia,6.7,4900.0
230,WR,Breshad Perriman,3000,BAL@JAX 09:30AM ET,5.95,BAL,3.0,2017.0,5379.0,WR,bal,a,jac,0.0,4700.0
231,RB,Thomas Rawls,4000,SEA@TEN 04:05PM ET,5.79,SEA,3.0,2017.0,5402.0,RB,sea,a,ten,0.0,5400.0
232,WR,Adam Humphries,3100,TB@MIN 01:00PM ET,5.77,TB,3.0,2017.0,5412.0,WR,tam,a,min,9.8,5000.0
233,WR,Tavon Austin,3400,LAR@SF 08:25PM ET,5.65,LAR,3.0,2017.0,5199.0,WR,lar,a,sfo,-0.6,4700.0
234,RB,Samaje Perine,4500,OAK@WAS 08:30PM ET,5.63,WAS,3.0,2017.0,5538.0,RB,was,h,oak,4.0,5600.0
235,DST,Patriots ,3800,HOU@NE 01:00PM ET,8.34,NE,,,,,,,,,
236,WR,Danny Amendola,5400,HOU@NE 01:00PM ET,5.56,NE,3.0,2017.0,3851.0,WR,nwe,h,hou,6.3,6300.0
237,WR,Albert Wilson,3100,KC@LAC 04:25PM ET,5.56,KC,3.0,2017.0,5339.0,WR,kan,a,lac,8.9,4900.0
238,TE,Austin Seferian-Jenkins,3000,MIA@NYJ 01:00PM ET,5.35,NYJ,3.0,2017.0,4602.0,TE,nyj,h,mia,5.6,4500.0
239,RB,Kerwynn Williams,4000,DAL@ARI 08:30PM ET,5.33,ARI,3.0,2017.0,2918.0,RB,ari,h,dal,0.3,5700.0
240,RB,Robert Turbin,3700,CLE@IND 01:00PM ET,5.32,IND,3.0,2017.0,2867.0,RB,ind,h,cle,2.5,5000.0
241,WR,Curtis Samuel,3200,NO@CAR 01:00PM ET,5.3,CAR,3.0,2017.0,5556.0,WR,car,h,nor,4.6,4800.0
242,RB,Charcandrick West,4000,KC@LAC 04:25PM ET,5.29,KC,3.0,2017.0,2987.0,RB,kan,a,lac,2.3,5100.0
243,WR,Russell Shepard,3500,NO@CAR 01:00PM ET,5.16,CAR,3.0,2017.0,5223.0,WR,car,h,nor,0.0,5100.0
244,WR,Geronimo Allison,3000,CIN@GB 04:25PM ET,5.13,GB,3.0,2017.0,5511.0,WR,gnb,h,cin,15.2,4600.0
245,WR,Tyler Boyd,3300,CIN@GB 04:25PM ET,5.09,CIN,3.0,2017.0,5455.0,WR,cin,a,gnb,1.6,4600.0
246,DST,Dolphins ,3700,MIA@NYJ 01:00PM ET,6.59,MIA,,,,,,,,,
247,WR,Dontrelle Inman,3400,KC@LAC 04:25PM ET,5.08,LAC,3.0,2017.0,5097.0,WR,lac,h,kan,0.7,4500.0
248,WR,Laquon Treadwell,3300,TB@MIN 01:00PM ET,5.03,MIN,3.0,2017.0,5453.0,WR,min,h,tam,0.7,4700.0
249,WR,Andre Holmes,3000,DEN@BUF 01:00PM ET,5.03,BUF,3.0,2017.0,5177.0,WR,buf,h,den,7.6,4600.0
250,RB,Jeremy Hill,3700,CIN@GB 04:25PM ET,4.99,CIN,3.0,2017.0,2928.0,RB,cin,a,gnb,3.4,5100.0
251,TE,Seth DeValve,2600,CLE@IND 01:00PM ET,4.96,CLE,3.0,2017.0,4690.0,TE,cle,a,ind,3.9,4500.0
252,RB,Rex Burkhead,4000,HOU@NE 01:00PM ET,4.82,NE,,,,,,,,,
253,DST,Broncos ,3600,DEN@BUF 01:00PM ET,7.74,DEN,,,,,,,,,
254,WR,Braxton Miller,3100,HOU@NE 01:00PM ET,4.77,HOU,3.0,2017.0,5476.0,WR,hou,a,nwe,2.0,4700.0
255,TE,O.J. Howard,2700,TB@MIN 01:00PM ET,4.77,TB,3.0,2017.0,4700.0,TE,tam,a,min,1.7,5000.0
256,RB,Andre Ellington,3800,DAL@ARI 08:30PM ET,4.7,ARI,3.0,2017.0,2892.0,RB,ari,h,dal,10.6,4700.0
257,WR,ArDarius Stewart,3100,MIA@NYJ 01:00PM ET,4.7,NYJ,3.0,2017.0,5551.0,WR,nyj,h,mia,2.9,4500.0
258,TE,Virgil Green,2700,DEN@BUF 01:00PM ET,4.66,DEN,3.0,2017.0,4542.0,TE,den,a,buf,3.3,4600.0
259,RB,Mike Tolbert,3800,DEN@BUF 01:00PM ET,4.56,BUF,3.0,2017.0,2647.0,RB,buf,h,den,4.1,4700.0
260,TE,Tyler Higbee,2500,LAR@SF 08:25PM ET,4.56,LAR,3.0,2017.0,4680.0,TE,lar,a,sfo,0.9,4500.0
261,DST,Rams ,3500,LAR@SF 08:25PM ET,6.86,LAR,,,,,,,,,
262,WR,Bruce Ellington,3300,HOU@NE 01:00PM ET,4.54,HOU,3.0,2017.0,5265.0,WR,hou,a,nwe,13.8,4500.0
263,WR,Kamar Aiken,3300,CLE@IND 01:00PM ET,4.5,IND,3.0,2017.0,5275.0,WR,ind,h,cle,1.4,4800.0
264,RB,Marlon Mack,3800,CLE@IND 01:00PM ET,4.48,IND,,,,,,,,,
265,RB,DeAndre Washington,4000,OAK@WAS 08:30PM ET,4.47,OAK,3.0,2017.0,5449.0,RB,oak,a,was,4.9,5100.0
266,WR,Chris Godwin,3000,TB@MIN 01:00PM ET,4.46,TB,3.0,2017.0,5579.0,WR,tam,a,min,5.9,4500.0
267,TE,Vernon Davis,3000,OAK@WAS 08:30PM ET,4.37,WAS,3.0,2017.0,4323.0,TE,was,h,oak,14.3,4700.0
268,RB,Matt Breida,3800,LAR@SF 08:25PM ET,4.35,SF,3.0,2017.0,5567.0,RB,sfo,h,lar,4.4,4800.0
269,TE,Gerald Everett,2500,LAR@SF 08:25PM ET,4.3,LAR,3.0,2017.0,4705.0,TE,lar,a,sfo,0.0,4500.0
270,WR,JuJu Smith-Schuster,3000,PIT@CHI 01:00PM ET,4.29,PIT,3.0,2017.0,5553.0,WR,pit,a,chi,4.9,5000.0
271,DST,Seahawks ,3500,SEA@TEN 04:05PM ET,6.35,SEA,,,,,,,,,
272,WR,Josh Bellamy,3300,PIT@CHI 01:00PM ET,4.26,CHI,3.0,2017.0,5191.0,WR,chi,h,pit,0.0,4500.0
273,RB,C.J. Prosise,3700,SEA@TEN 04:05PM ET,4.25,SEA,3.0,2017.0,5448.0,RB,sea,a,ten,8.9,5000.0
274,WR,Bennie Fowler,3000,DEN@BUF 01:00PM ET,4.21,DEN,3.0,2017.0,5353.0,WR,den,a,buf,7.5,4500.0
275,TE,Dion Sims,2500,PIT@CHI 01:00PM ET,4.18,CHI,3.0,2017.0,4576.0,TE,chi,h,pit,0.0,4500.0
276,RB,Branden Oliver,4000,KC@LAC 04:25PM ET,4.16,LAC,3.0,2017.0,2982.0,RB,lac,h,kan,5.4,5000.0
277,WR,John Ross,3300,CIN@GB 04:25PM ET,4.14,CIN,,,,,,,,,
278,DST,Jaguars ,3400,BAL@JAX 09:30AM ET,7.78,JAX,,,,,,,,,
279,WR,Cordarrelle Patterson,3000,OAK@WAS 08:30PM ET,4.1,OAK,3.0,2017.0,5208.0,WR,oak,a,was,1.7,4700.0
280,DST,Steelers ,3400,PIT@CHI 01:00PM ET,8.3,PIT,,,,,,,,,
281,WR,Ricardo Louis,3000,CLE@IND 01:00PM ET,4.05,CLE,3.0,2017.0,5481.0,WR,cle,a,ind,1.5,4500.0
282,WR,Ryan Grant,3500,OAK@WAS 08:30PM ET,4.04,WAS,3.0,2017.0,2580.0,WR,was,h,oak,4.6,4500.0
283,RB,Alfred Blue,3800,HOU@NE 01:00PM ET,4.03,HOU,,,,,,,,,
284,WR,Josh Doctson,3500,OAK@WAS 08:30PM ET,3.96,WAS,3.0,2017.0,5460.0,WR,was,h,oak,11.7,4600.0
285,DST,Packers ,3400,CIN@GB 04:25PM ET,7.55,GB,,,,,,,,,
286,RB,Jamaal Williams,4400,CIN@GB 04:25PM ET,3.85,GB,3.0,2017.0,5541.0,RB,gnb,h,cin,0.6,5500.0
287,TE,Garrett Celek,2500,LAR@SF 08:25PM ET,3.85,SF,3.0,2017.0,4564.0,TE,sfo,h,lar,6.6,4500.0
288,TE,A.J. Derby,2500,DEN@BUF 01:00PM ET,3.84,DEN,3.0,2017.0,4692.0,TE,den,a,buf,1.0,4800.0
289,RB,Dion Lewis,3400,HOU@NE 01:00PM ET,3.78,NE,3.0,2017.0,2816.0,RB,nwe,h,hou,3.2,4700.0
290,WR,Phillip Dorsett,4000,HOU@NE 01:00PM ET,3.71,NE,3.0,2017.0,5384.0,WR,nwe,h,hou,0.0,5200.0
291,TE,Marcedes Lewis,2500,BAL@JAX 09:30AM ET,3.63,JAX,3.0,2017.0,4324.0,TE,jac,h,bal,26.2,4500.0
292,RB,Damien Williams,3800,MIA@NYJ 01:00PM ET,3.55,MIA,3.0,2017.0,2957.0,RB,mia,a,nyj,1.6,4500.0
293,RB,Wendell Smallwood,3800,NYG@PHI 01:00PM ET,3.47,PHI,3.0,2017.0,5473.0,RB,phi,h,nyg,8.5,4800.0
294,DST,Vikings ,3300,TB@MIN 01:00PM ET,7.84,MIN,,,,,,,,,
295,RB,Devontae Booker,3500,DEN@BUF 01:00PM ET,3.47,DEN,,,,,,,,,
296,WR,Sammie Coates,3100,CLE@IND 01:00PM ET,3.38,CLE,,,,,,,,,
297,TE,Jonnu Smith,2600,SEA@TEN 04:05PM ET,3.36,TEN,3.0,2017.0,4706.0,TE,ten,h,sea,8.9,4500.0
298,RB,Alex Collins,3500,BAL@JAX 09:30AM ET,3.35,BAL,3.0,2017.0,5450.0,RB,bal,a,jac,8.2,0.0
299,QB,Cody Kessler,4000,CLE@IND 01:00PM ET,3.32,CLE,,,,,,,,,
300,WR,Jarius Wright,3000,TB@MIN 01:00PM ET,3.3,MIN,3.0,2017.0,5188.0,WR,min,h,tam,7.9,4500.0
301,TE,Vance McDonald,2800,PIT@CHI 01:00PM ET,3.22,PIT,3.0,2017.0,4572.0,TE,pit,a,chi,0.0,4700.0
302,RB,Dwayne Washington,3800,ATL@DET 01:00PM ET,3.19,DET,,,,,,,,,
303,DST,Colts ,3200,CLE@IND 01:00PM ET,7.14,IND,,,,,,,,,
304,DST,Buccaneers ,3200,TB@MIN 01:00PM ET,7.4,TB,,,,,,,,,
305,RB,Latavius Murray,3200,TB@MIN 01:00PM ET,3.18,MIN,3.0,2017.0,2899.0,RB,min,h,tam,0.5,5000.0
306,WR,Taywan Taylor,3600,SEA@TEN 04:05PM ET,3.14,TEN,3.0,2017.0,5555.0,WR,ten,h,sea,2.5,4500.0
307,WR,Brice Butler,3000,DAL@ARI 08:30PM ET,3.09,DAL,3.0,2017.0,5219.0,WR,dal,a,ari,16.0,4700.0
308,WR,Arrelious Benn,3000,BAL@JAX 09:30AM ET,3.08,JAX,3.0,2017.0,3885.0,WR,jac,h,bal,0.0,4500.0
309,QB,Matt Moore,4500,MIA@NYJ 01:00PM ET,3.05,MIA,,,,,,,,,
310,TE,Levine Toilolo,2500,ATL@DET 01:00PM ET,3.04,ATL,3.0,2017.0,4577.0,TE,atl,a,det,0.0,4500.0
311,TE,Trey Burton,2500,NYG@PHI 01:00PM ET,3.04,PHI,3.0,2017.0,4618.0,TE,phi,h,nyg,1.7,4500.0
312,TE,Clive Walford,2500,OAK@WAS 08:30PM ET,3.03,OAK,3.0,2017.0,4651.0,TE,oak,a,was,0.4,4500.0
313,WR,Trent Taylor,3000,LAR@SF 08:25PM ET,3.02,SF,3.0,2017.0,5571.0,WR,sfo,h,lar,10.7,4500.0
314,RB,Kyle Juszczyk,3000,LAR@SF 08:25PM ET,3.01,SF,3.0,2017.0,2908.0,RB,sfo,h,lar,3.9,4500.0
315,DST,Giants ,3100,NYG@PHI 01:00PM ET,6.69,NYG,,,,,,,,,
316,TE,Josh Hill,2500,NO@CAR 01:00PM ET,3.01,NO,3.0,2017.0,4586.0,TE,nor,a,car,0.8,4500.0
317,RB,James Conner,4500,PIT@CHI 01:00PM ET,2.99,PIT,3.0,2017.0,5537.0,RB,pit,a,chi,0.0,5000.0
318,TE,Will Tye,2600,MIA@NYJ 01:00PM ET,2.99,NYJ,3.0,2017.0,4670.0,TE,nyj,h,mia,0.0,4500.0
319,QB,Tom Savage,4400,HOU@NE 01:00PM ET,2.95,HOU,,,,,,,,,
320,WR,Chester Rogers,3000,CLE@IND 01:00PM ET,2.95,IND,,,,,,,,,
321,WR,Darrius Heyward-Bey,3000,PIT@CHI 01:00PM ET,2.93,PIT,3.0,2017.0,3848.0,WR,pit,a,chi,0.0,4600.0
322,TE,Dwayne Allen,2500,HOU@NE 01:00PM ET,2.88,NE,3.0,2017.0,4551.0,TE,nwe,h,hou,0.0,5600.0
323,RB,Orleans Darkwa,3400,NYG@PHI 01:00PM ET,2.86,NYG,3.0,2017.0,2976.0,RB,nyg,a,phi,3.8,4900.0
324,TE,Maxx Williams,2500,BAL@JAX 09:30AM ET,2.85,BAL,,,,,,,,,
325,RB,Kenyan Drake,4000,MIA@NYJ 01:00PM ET,2.83,MIA,3.0,2017.0,5446.0,RB,mia,a,nyj,0.7,4600.0
326,WR,Pharoh Cooper,3000,LAR@SF 08:25PM ET,2.82,LAR,3.0,2017.0,5462.0,WR,lar,a,sfo,-1.1,4500.0
327,TE,Luke Willson,2600,SEA@TEN 04:05PM ET,2.82,SEA,3.0,2017.0,4578.0,TE,sea,a,ten,12.8,4500.0
328,RB,Malcolm Brown,3900,LAR@SF 08:25PM ET,2.77,LAR,,,,,,,,,
329,QB,Landry Jones,4500,PIT@CHI 01:00PM ET,2.71,PIT,,,,,,,,,
330,WR,Aldrick Robinson,3000,LAR@SF 08:25PM ET,2.7,SF,3.0,2017.0,5134.0,WR,sfo,h,lar,3.3,4600.0
331,TE,Lance Kendricks,2500,CIN@GB 04:25PM ET,2.68,GB,3.0,2017.0,4538.0,TE,gnb,h,cin,12.2,4500.0
332,TE,Jerell Adams,2500,NYG@PHI 01:00PM ET,2.67,NYG,3.0,2017.0,4686.0,TE,nyg,a,phi,0.0,4500.0
333,RB,Tyler Ervin,3000,HOU@NE 01:00PM ET,2.65,HOU,3.0,2017.0,5470.0,RB,hou,a,nwe,1.3,4500.0
334,RB,Cameron Artis-Payne,3000,NO@CAR 01:00PM ET,2.63,CAR,,,,,,,,,
335,QB,Matt Cassel,4300,SEA@TEN 04:05PM ET,2.61,TEN,,,,,,,,,
336,TE,Ben Koyack,2500,BAL@JAX 09:30AM ET,2.57,JAX,3.0,2017.0,4689.0,TE,jac,h,bal,0.0,4500.0
337,RB,Alfred Morris,5200,DAL@ARI 08:30PM ET,2.55,DAL,,,,,,,,,
338,WR,Cody Core,3000,CIN@GB 04:25PM ET,2.52,CIN,3.0,2017.0,5518.0,WR,cin,a,gnb,0.0,4500.0
339,WR,Brian Quick,3000,OAK@WAS 08:30PM ET,2.51,WAS,,,,,,,,,
340,WR,Tommylee Lewis,3100,NO@CAR 01:00PM ET,2.45,NO,3.0,2017.0,5496.0,WR,nor,a,car,3.8,4500.0
341,TE,Demetrius Harris,2600,KC@LAC 04:25PM ET,2.45,KC,3.0,2017.0,4642.0,TE,kan,a,lac,0.0,4500.0
342,RB,Zach Zenner,3300,ATL@DET 01:00PM ET,2.44,DET,3.0,2017.0,5397.0,RB,det,h,atl,0.5,4700.0
343,WR,Justin Hardy,3000,ATL@DET 01:00PM ET,2.43,ATL,3.0,2017.0,5387.0,WR,atl,a,det,0.0,4500.0
344,TE,Nick Boyle,2500,BAL@JAX 09:30AM ET,2.38,BAL,3.0,2017.0,4660.0,TE,bal,a,jac,2.4,4500.0
345,RB,Benny Cunningham,3000,PIT@CHI 01:00PM ET,2.37,CHI,3.0,2017.0,2911.0,RB,chi,h,pit,3.8,4800.0
346,WR,Michael Campanaro,3100,BAL@JAX 09:30AM ET,2.35,BAL,3.0,2017.0,5277.0,WR,bal,a,jac,1.5,4500.0
347,TE,Stephen Anderson,2900,HOU@NE 01:00PM ET,2.33,HOU,3.0,2017.0,4679.0,TE,hou,a,nwe,1.9,4500.0
348,TE,Adam Shaheen,2500,PIT@CHI 01:00PM ET,2.3,CHI,3.0,2017.0,4709.0,TE,chi,h,pit,6.7,4500.0
349,WR,Jordan Taylor,3000,DEN@BUF 01:00PM ET,2.29,DEN,,,,,,,,,
350,WR,Roger Lewis,3300,NYG@PHI 01:00PM ET,2.26,NYG,3.0,2017.0,5508.0,WR,nyg,a,phi,1.1,4500.0
351,QB,Scott Tolzien,4300,CLE@IND 01:00PM ET,2.21,IND,,,,,,,,,
352,WR,Charone Peake,3000,MIA@NYJ 01:00PM ET,2.17,NYJ,3.0,2017.0,5506.0,WR,nyj,h,mia,0.0,4500.0
353,RB,Aaron Jones,3700,CIN@GB 04:25PM ET,2.03,GB,3.0,2017.0,5543.0,RB,gnb,h,cin,0.0,4600.0
354,RB,Elijah McGuire,3500,MIA@NYJ 01:00PM ET,2.0,NYJ,3.0,2017.0,5544.0,RB,nyj,h,mia,1.4,4500.0
355,RB,Peyton Barber,3000,TB@MIN 01:00PM ET,1.95,TB,3.0,2017.0,5507.0,RB,tam,a,min,0.0,4500.0
356,RB,T.J. Yeldon,3900,BAL@JAX 09:30AM ET,1.84,JAX,,,,,,,,,
357,TE,Tyler Kroft,2500,CIN@GB 04:25PM ET,1.83,CIN,3.0,2017.0,4652.0,TE,cin,a,gnb,4.3,4500.0
358,TE,Randall Telfer,2500,CLE@IND 01:00PM ET,1.78,CLE,3.0,2017.0,4685.0,TE,cle,a,ind,0.9,4500.0
359,TE,Brent Celek,2500,NYG@PHI 01:00PM ET,1.73,PHI,,,,,,,,,
360,WR,Chad Williams,3000,DAL@ARI 08:30PM ET,1.69,ARI,3.0,2017.0,5580.0,WR,ari,h,dal,1.3,4500.0
361,TE,Xavier Grimble,2500,PIT@CHI 01:00PM ET,1.69,PIT,3.0,2017.0,4604.0,TE,pit,a,chi,0.0,4500.0
362,RB,Fozzy Whittaker,3000,NO@CAR 01:00PM ET,1.67,CAR,3.0,2017.0,2916.0,RB,car,h,nor,1.2,4500.0
363,WR,Justin Hunter,3000,PIT@CHI 01:00PM ET,1.66,PIT,,,,,,,,,
364,WR,Mack Hollins,3000,NYG@PHI 01:00PM ET,1.64,PHI,3.0,2017.0,5578.0,WR,phi,h,nyg,0.0,4500.0
365,TE,Darren Fells,2500,ATL@DET 01:00PM ET,1.62,DET,3.0,2017.0,4609.0,TE,det,h,atl,1.3,4500.0
366,RB,Aaron Ripkowski,3000,CIN@GB 04:25PM ET,1.61,GB,3.0,2017.0,5406.0,RB,gnb,h,cin,0.0,4500.0
367,RB,Corey Grant,3000,BAL@JAX 09:30AM ET,1.59,JAX,3.0,2017.0,5405.0,RB,jac,h,bal,9.8,4500.0
368,RB,Eddie Lacy,3400,SEA@TEN 04:05PM ET,1.52,SEA,,,,,,,,,
369,WR,Alex Erickson,3100,CIN@GB 04:25PM ET,1.51,CIN,3.0,2017.0,5480.0,WR,cin,a,gnb,0.0,4500.0
370,TE,C.J. Uzomah,2500,CIN@GB 04:25PM ET,1.51,CIN,3.0,2017.0,4656.0,TE,cin,a,gnb,0.0,4500.0
371,TE,Anthony Fasano,2500,MIA@NYJ 01:00PM ET,1.47,MIA,3.0,2017.0,4327.0,TE,mia,a,nyj,0.0,4500.0
372,TE,Rhett Ellison,2500,NYG@PHI 01:00PM ET,1.47,NYG,3.0,2017.0,4554.0,TE,nyg,a,phi,0.0,4500.0
373,RB,Matthew Dayes,3000,CLE@IND 01:00PM ET,1.39,CLE,3.0,2017.0,5566.0,RB,cle,a,ind,0.0,4500.0
374,DST,Browns ,3000,CLE@IND 01:00PM ET,5.64,CLE,,,,,,,,,
375,TE,Jeff Heuerman,2500,DEN@BUF 01:00PM ET,1.38,DEN,3.0,2017.0,4676.0,TE,den,a,buf,0.0,4500.0
376,TE,Daniel Brown,2500,PIT@CHI 01:00PM ET,1.38,CHI,,,,,,,,,
377,WR,Brittan Golden,3000,DAL@ARI 08:30PM ET,1.34,ARI,3.0,2017.0,5239.0,WR,ari,h,dal,2.6,4500.0
378,TE,Michael Roberts,2500,ATL@DET 01:00PM ET,1.26,DET,,,,,,,,,
379,TE,MarQueis Gray,2500,MIA@NYJ 01:00PM ET,1.16,MIA,,,,,,,,,
380,WR,Amara Darboh,3000,SEA@TEN 04:05PM ET,1.14,SEA,3.0,2017.0,5572.0,WR,sea,a,ten,0.0,4500.0
381,WR,Jeff Janis,3300,CIN@GB 04:25PM ET,1.13,GB,3.0,2017.0,5351.0,WR,gnb,h,cin,0.0,4800.0
382,WR,Cody Latimer,3000,DEN@BUF 01:00PM ET,1.09,DEN,3.0,2017.0,5268.0,WR,den,a,buf,0.0,4700.0
383,WR,Leonte Carroo,3000,MIA@NYJ 01:00PM ET,1.08,MIA,3.0,2017.0,5474.0,WR,mia,a,nyj,0.0,4500.0
384,WR,Shelton Gibson,3000,NYG@PHI 01:00PM ET,1.08,PHI,,,,,,,,,
385,WR,Chris Moore,3000,BAL@JAX 09:30AM ET,1.02,BAL,3.0,2017.0,5479.0,WR,bal,a,jac,0.0,4600.0
386,WR,Rodney Adams,3000,TB@MIN 01:00PM ET,0.99,MIN,,,,,,,,,
387,RB,Austin Ekeler,3000,KC@LAC 04:25PM ET,0.98,LAC,3.0,2017.0,5575.0,RB,lac,h,kan,1.1,4500.0
388,RB,Raheem Mostert,3000,LAR@SF 08:25PM ET,0.97,SF,3.0,2017.0,5414.0,RB,sfo,h,lar,-0.9,4500.0
389,TE,Luke Stocker,2500,TB@MIN 01:00PM ET,0.96,TB,3.0,2017.0,4532.0,TE,tam,a,min,0.0,4500.0
390,WR,Jehu Chesson,3000,KC@LAC 04:25PM ET,0.91,KC,,,,,,,,,
391,WR,Josh Reynolds,3000,LAR@SF 08:25PM ET,0.9,LAR,3.0,2017.0,5582.0,WR,lar,a,sfo,0.0,4500.0
392,RB,Terron Ward,3000,ATL@DET 01:00PM ET,0.89,ATL,,,,,,,,,
393,RB,D.J. Foster,3500,DAL@ARI 08:30PM ET,0.88,ARI,,,,,,,,,
394,RB,Wayne Gallman,3000,NYG@PHI 01:00PM ET,0.87,NYG,,,,,,,,,
395,WR,Tanner McEvoy,3000,SEA@TEN 04:05PM ET,0.86,SEA,3.0,2017.0,5505.0,WR,sea,a,ten,0.0,4500.0
396,WR,Trevor Davis,3000,CIN@GB 04:25PM ET,0.85,GB,3.0,2017.0,5498.0,WR,gnb,h,cin,0.0,4500.0
397,RB,Jamize Olawale,3000,OAK@WAS 08:30PM ET,0.8,OAK,3.0,2017.0,2913.0,RB,oak,a,was,0.0,4500.0
398,QB,Brock Osweiler,4200,DEN@BUF 01:00PM ET,0.79,DEN,,,,,,,,,
399,WR,Noah Brown,3000,DAL@ARI 08:30PM ET,0.77,DAL,3.0,2017.0,5585.0,WR,dal,a,ari,1.8,4500.0
400,WR,Brandon Tate,3000,DEN@BUF 01:00PM ET,0.72,BUF,3.0,2017.0,3860.0,WR,buf,h,den,0.0,4600.0
401,WR,Ryan Switzer,3000,DAL@ARI 08:30PM ET,0.71,DAL,3.0,2017.0,5569.0,WR,dal,a,ari,0.3,4500.0
402,TE,Brandon Williams,2500,CLE@IND 01:00PM ET,0.71,IND,3.0,2017.0,4590.0,TE,ind,h,cle,1.2,4500.0
403,TE,David Morgan,2500,TB@MIN 01:00PM ET,0.7,MIN,,,,,,,,,
404,TE,Jordan Leggett,2500,MIA@NYJ 01:00PM ET,0.7,NYJ,,,,,,,,,
405,DST,Eagles ,3000,NYG@PHI 01:00PM ET,8.95,PHI,,,,,,,,,
406,TE,Lee Smith,2500,OAK@WAS 08:30PM ET,0.7,OAK,3.0,2017.0,4535.0,TE,oak,a,was,0.0,4500.0
407,QB,Ryan Fitzpatrick,4400,TB@MIN 01:00PM ET,0.68,TB,,,,,,,,,
408,RB,John Kuhn,3000,NO@CAR 01:00PM ET,0.66,NO,,,,,,,,,
409,WR,Stacy Coley,3000,TB@MIN 01:00PM ET,0.66,MIN,,,,,,,,,
410,TE,Logan Paulsen,2500,LAR@SF 08:25PM ET,0.66,SF,3.0,2017.0,4513.0,TE,sfo,h,lar,0.0,4500.0
411,TE,Neal Sterling,2500,MIA@NYJ 01:00PM ET,0.66,NYJ,3.0,2017.0,4684.0,TE,nyj,h,mia,0.0,4500.0
412,WR,Isaiah McKenzie,3000,DEN@BUF 01:00PM ET,0.65,DEN,3.0,2017.0,5574.0,WR,den,a,buf,0.4,4500.0
413,WR,Dwayne Harris,3000,NYG@PHI 01:00PM ET,0.63,NYG,3.0,2017.0,5130.0,WR,nyg,a,phi,0.0,4500.0
414,TE,Troy Niklas,2500,DAL@ARI 08:30PM ET,0.63,ARI,3.0,2017.0,4605.0,TE,ari,h,dal,1.5,4500.0
415,TE,Eric Saubert,2500,ATL@DET 01:00PM ET,0.62,ATL,,,,,,,,,
416,TE,Ifeanyi Momah,2500,DAL@ARI 08:30PM ET,0.61,ARI,3.0,2017.0,4662.0,TE,ari,h,dal,0.0,4500.0
417,RB,Justin Davis,3000,LAR@SF 08:25PM ET,0.6,LAR,,,,,,,,,
418,RB,Akeem Hunt,3000,KC@LAC 04:25PM ET,0.6,KC,3.0,2017.0,5431.0,RB,kan,a,lac,0.0,4500.0
419,TE,Jeremy Sprinkle,2500,OAK@WAS 08:30PM ET,0.6,WAS,,,,,,,,,
420,WR,Chad Hansen,3000,MIA@NYJ 01:00PM ET,0.59,NYJ,,,,,,,,,
421,RB,Corey Clement,3000,NYG@PHI 01:00PM ET,0.58,PHI,3.0,2017.0,5583.0,RB,phi,h,nyg,8.2,4500.0
422,TE,Geoff Swaim,2500,DAL@ARI 08:30PM ET,0.58,DAL,3.0,2017.0,4668.0,TE,dal,a,ari,0.0,4500.0
423,QB,Nick Foles,4300,NYG@PHI 01:00PM ET,0.55,PHI,,,,,,,,,
424,RB,Elijhaa Penny,3000,DAL@ARI 08:30PM ET,0.55,ARI,,,,,,,,,
425,WR,Max McCaffrey,3000,BAL@JAX 09:30AM ET,0.54,JAX,,,,,,,,,
426,TE,Jacob Hollister,2500,HOU@NE 01:00PM ET,0.54,NE,3.0,2017.0,4707.0,TE,nwe,h,hou,2.4,4500.0
427,WR,Quan Bray,3000,CLE@IND 01:00PM ET,0.5,IND,3.0,2017.0,5429.0,WR,ind,h,cle,2.7,4500.0
428,WR,Demarcus Robinson,3000,KC@LAC 04:25PM ET,0.49,KC,3.0,2017.0,5515.0,WR,kan,a,lac,1.9,4500.0
429,TE,Niles Paul,2500,OAK@WAS 08:30PM ET,0.48,WAS,3.0,2017.0,5110.0,TE,was,h,oak,0.2,4500.0
430,RB,Taiwan Jones,3000,DEN@BUF 01:00PM ET,0.46,BUF,3.0,2017.0,2820.0,RB,buf,h,den,0.0,4500.0
431,TE,Blake Bell,2500,TB@MIN 01:00PM ET,0.46,MIN,,,,,,,,,
432,QB,Bryce Petty,4000,MIA@NYJ 01:00PM ET,0.45,NYJ,,,,,,,,,
433,WR,Tre McBride,3000,PIT@CHI 01:00PM ET,0.45,CHI,,,,,,,,,
434,QB,AJ McCarron,4700,CIN@GB 04:25PM ET,0.43,CIN,,,,,,,,,
435,QB,Kevin Hogan,4600,CLE@IND 01:00PM ET,0.43,CLE,,,,,,,,,
436,RB,Joe Banyard,3000,DEN@BUF 01:00PM ET,0.42,BUF,,,,,,,,,
437,RB,Patrick DiMarco,3000,DEN@BUF 01:00PM ET,0.42,BUF,3.0,2017.0,2805.0,RB,buf,h,den,0.0,4500.0
438,TE,Chris Manhertz,2500,NO@CAR 01:00PM ET,0.41,CAR,3.0,2017.0,4697.0,TE,car,h,nor,0.0,4500.0
439,TE,Darrell Daniels,2500,CLE@IND 01:00PM ET,0.41,IND,3.0,2017.0,4708.0,TE,ind,h,cle,1.1,4500.0
440,WR,Austin Carr,3000,NO@CAR 01:00PM ET,0.4,NO,,,,,,,,,
441,TE,Derek Carrier,2500,LAR@SF 08:25PM ET,0.4,LAR,3.0,2017.0,4599.0,TE,lar,a,sfo,2.2,4500.0
442,RB,Terrell Watson,3000,PIT@CHI 01:00PM ET,0.38,PIT,3.0,2017.0,5374.0,RB,pit,a,chi,0.3,4500.0
443,WR,Chris Matthews,3000,BAL@JAX 09:30AM ET,0.36,BAL,3.0,2017.0,5368.0,WR,bal,a,jac,1.3,4500.0
444,WR,Kaelin Clay,3000,DEN@BUF 01:00PM ET,0.36,BUF,3.0,2017.0,5430.0,WR,buf,h,den,3.3,4500.0
445,RB,Andy Janovich,3000,DEN@BUF 01:00PM ET,0.36,DEN,3.0,2017.0,5482.0,RB,den,a,buf,0.2,4500.0
446,WR,Nick Williams,3000,ATL@DET 01:00PM ET,0.36,ATL,,,,,,,,,
447,DST,49ers ,2900,LAR@SF 08:25PM ET,5.36,SF,,,,,,,,,
448,RB,Jalston Fowler,3000,SEA@TEN 04:05PM ET,0.36,TEN,3.0,2017.0,5413.0,RB,ten,h,sea,0.0,4500.0
449,DST,Chiefs ,2900,KC@LAC 04:25PM ET,7.32,KC,,,,,,,,,
450,DST,Cardinals ,2900,DAL@ARI 08:30PM ET,6.94,ARI,,,,,,,,,
451,WR,Josh Malone,3000,CIN@GB 04:25PM ET,0.33,CIN,,,,,,,,,
452,RB,Darren McFadden,4500,DAL@ARI 08:30PM ET,0.32,DAL,,,,,,,,,
453,DST,Chargers ,2800,KC@LAC 04:25PM ET,8.46,LAC,,,,,,,,,
454,DST,Cowboys ,2800,DAL@ARI 08:30PM ET,8.17,DAL,,,,,,,,,
455,TE,Nick Vannett,2500,SEA@TEN 04:05PM ET,0.32,SEA,3.0,2017.0,4688.0,TE,sea,a,ten,0.0,4500.0
456,TE,Ross Travis,2500,KC@LAC 04:25PM ET,0.31,KC,3.0,2017.0,4681.0,TE,kan,a,lac,0.0,4500.0
457,RB,Anthony Sherman,3000,KC@LAC 04:25PM ET,0.3,KC,3.0,2017.0,2822.0,RB,kan,a,lac,1.6,4500.0
458,DST,Titans ,2700,SEA@TEN 04:05PM ET,6.47,TEN,,,,,,,,,
459,QB,Mitchell Trubisky,4500,PIT@CHI 01:00PM ET,0.29,CHI,,,,,,,,,
460,TE,Phillip Supernaw,2500,SEA@TEN 04:05PM ET,0.28,TEN,3.0,2017.0,4637.0,TE,ten,h,sea,0.8,4500.0
461,DST,Bills ,2600,DEN@BUF 01:00PM ET,5.64,BUF,,,,,,,,,
462,DST,Panthers ,2600,NO@CAR 01:00PM ET,6.57,CAR,,,,,,,,,
463,WR,Kasen Williams,3000,CLE@IND 01:00PM ET,0.27,CLE,3.0,2017.0,5442.0,WR,cle,a,ind,1.5,4500.0
464,RB,Devante Mays,3500,CIN@GB 04:25PM ET,0.26,GB,3.0,2017.0,5546.0,RB,gnb,h,cin,0.0,4500.0
465,RB,Derek Watt,3000,KC@LAC 04:25PM ET,0.26,LAC,3.0,2017.0,5504.0,RB,lac,h,kan,0.0,4500.0
466,WR,Jared Abbrederis,3000,ATL@DET 01:00PM ET,0.25,DET,3.0,2017.0,5350.0,WR,det,h,atl,0.0,4500.0
467,TE,Khari Lee,2500,DEN@BUF 01:00PM ET,0.25,BUF,,,,,,,,,
468,RB,Tommy Bohanon,3000,BAL@JAX 09:30AM ET,0.23,JAX,3.0,2017.0,2910.0,RB,jac,h,bal,1.3,4500.0
469,RB,David Fluellen,3000,SEA@TEN 04:05PM ET,0.23,TEN,3.0,2017.0,2959.0,RB,ten,h,sea,0.0,4500.0
470,RB,Mack Brown,3000,OAK@WAS 08:30PM ET,0.23,WAS,3.0,2017.0,5526.0,RB,was,h,oak,2.7,4500.0
471,RB,Rod Smith,3300,DAL@ARI 08:30PM ET,0.22,DAL,3.0,2017.0,3191.0,RB,dal,a,ari,0.0,4500.0
472,WR,Tanner Gentry,3000,PIT@CHI 01:00PM ET,0.22,CHI,,,,,,,,,
473,WR,Marcus Johnson,3000,NYG@PHI 01:00PM ET,0.22,PHI,,,,,,,,,
474,TE,Sean McGrath,2500,KC@LAC 04:25PM ET,0.21,LAC,3.0,2017.0,4588.0,TE,lac,h,kan,0.0,4500.0
475,RB,Brian Hill,3000,ATL@DET 01:00PM ET,0.2,ATL,,,,,,,,,
476,QB,Patrick Mahomes II,4700,KC@LAC 04:25PM ET,0.19,KC,,,,,,,,,
477,QB,Austin Davis,4300,SEA@TEN 04:05PM ET,0.19,SEA,,,,,,,,,
478,RB,James Develin,3000,HOU@NE 01:00PM ET,0.19,NE,3.0,2017.0,2825.0,RB,nwe,h,hou,0.0,4500.0
479,WR,Jakeem Grant,3000,MIA@NYJ 01:00PM ET,0.19,MIA,3.0,2017.0,5486.0,WR,mia,a,nyj,1.7,4500.0
480,TE,Eric Tomlinson,2500,MIA@NYJ 01:00PM ET,0.19,NYJ,,,,,,,,,
481,QB,Kyle Sloter,4000,TB@MIN 01:00PM ET,0.18,MIN,,,,,,,,,
482,WR,Johnny Holton,3000,OAK@WAS 08:30PM ET,0.18,OAK,3.0,2017.0,5491.0,WR,oak,a,was,0.0,4500.0
483,TE,Logan Thomas,2500,DEN@BUF 01:00PM ET,0.18,BUF,3.0,2017.0,1463.0,TE,buf,h,den,0.0,4500.0
484,TE,Ryan Hewitt,2500,CIN@GB 04:25PM ET,0.18,CIN,3.0,2017.0,2978.0,TE,cin,a,gnb,0.0,4500.0
485,TE,Jim Dray,2500,DAL@ARI 08:30PM ET,0.17,ARI,,,,,,,,,
486,QB,Geno Smith,4500,NYG@PHI 01:00PM ET,0.16,NYG,,,,,,,,,
487,QB,Cardale Jones,4500,KC@LAC 04:25PM ET,0.16,LAC,,,,,,,,,
488,QB,C.J. Beathard,4200,LAR@SF 08:25PM ET,0.16,SF,,,,,,,,,
489,QB,Nathan Peterman,4000,DEN@BUF 01:00PM ET,0.16,BUF,,,,,,,,,
490,RB,Roosevelt Nix,3000,PIT@CHI 01:00PM ET,0.16,PIT,,,,,,,,,
491,QB,Derek Anderson,5400,NO@CAR 01:00PM ET,0.15,CAR,3.0,2017.0,1239.0,QB,car,h,nor,0.68,6000.0
492,QB,Kellen Clemens,4000,KC@LAC 04:25PM ET,0.15,LAC,,,,,,,,,
493,QB,Kellen Moore,4000,DAL@ARI 08:30PM ET,0.15,DAL,,,,,,,,,
494,DST,Falcons ,2500,ATL@DET 01:00PM ET,6.21,ATL,,,,,,,,,
495,QB,Colt McCoy,4700,OAK@WAS 08:30PM ET,0.14,WAS,,,,,,,,,
496,QB,Sean Mannion,4200,LAR@SF 08:25PM ET,0.13,LAR,,,,,,,,,
497,QB,Brett Hundley,4200,CIN@GB 04:25PM ET,0.13,GB,,,,,,,,,
498,RB,Jay Prosch,3000,HOU@NE 01:00PM ET,0.13,HOU,3.0,2017.0,2980.0,RB,hou,a,nwe,0.0,4500.0
499,WR,Eric Weems,3000,SEA@TEN 04:05PM ET,0.13,TEN,3.0,2017.0,3732.0,WR,ten,h,sea,0.0,4500.0
500,QB,Jimmy Garoppolo,5600,HOU@NE 01:00PM ET,0.12,NE,,,,,,,,,
501,RB,Senorise Perry,3000,MIA@NYJ 01:00PM ET,0.12,MIA,3.0,2017.0,2974.0,RB,mia,a,nyj,0.0,4500.0
502,RB,J.D. McKissic,3000,SEA@TEN 04:05PM ET,0.12,SEA,,,,,,,,,
503,RB,Keith Smith,3000,DAL@ARI 08:30PM ET,0.12,DAL,,,,,,,,,
504,TE,Alan Cross,2500,TB@MIN 01:00PM ET,0.12,TB,3.0,2017.0,4682.0,TE,tam,a,min,1.0,4500.0
505,QB,Chad Henne,4300,BAL@JAX 09:30AM ET,0.11,JAX,3.0,2017.0,1309.0,QB,jac,h,bal,-0.3,6000.0
506,QB,Matt Schaub,4300,ATL@DET 01:00PM ET,0.11,ATL,,,,,,,,,
507,QB,Jake Rudock,4200,ATL@DET 01:00PM ET,0.11,DET,,,,,,,,,
508,QB,Drew Stanton,4000,DAL@ARI 08:30PM ET,0.11,ARI,,,,,,,,,
509,RB,Derrick Coleman,3000,ATL@DET 01:00PM ET,0.11,ATL,3.0,2017.0,2909.0,RB,atl,a,det,0.0,4500.0
510,RB,Tre Madden,3000,SEA@TEN 04:05PM ET,0.11,SEA,,,,,,,,,
511,WR,Vince Mayle,3000,BAL@JAX 09:30AM ET,0.1,BAL,3.0,2017.0,5411.0,WR,bal,a,jac,0.0,4500.0
512,QB,Ryan Mallett,4000,BAL@JAX 09:30AM ET,0.09,BAL,3.0,2017.0,1401.0,QB,bal,a,jac,5.44,6000.0
513,QB,Chase Daniel,4600,NO@CAR 01:00PM ET,0.08,NO,,,,,,,,,
514,RB,C.J. Ham,3000,TB@MIN 01:00PM ET,0.07,MIN,3.0,2017.0,5581.0,RB,min,h,tam,1.7,4500.0
515,QB,Cooper Rush,4500,DAL@ARI 08:30PM ET,0.05,DAL,,,,,,,,,
516,QB,Blaine Gabbert,4300,DAL@ARI 08:30PM ET,0.05,ARI,,,,,,,,,
517,QB,Connor Cook,4300,OAK@WAS 08:30PM ET,0.01,OAK,,,,,,,,,
518,WR,Randall Cobb,6000,CIN@GB 04:25PM ET,0.0,GB,,,,,,,,,
519,QB,Andrew Luck,5800,CLE@IND 01:00PM ET,0.0,IND,,,,,,,,,
520,WR,John Brown,5100,DAL@ARI 08:30PM ET,0.0,ARI,,,,,,,,,
521,TE,Greg Olsen,4900,NO@CAR 01:00PM ET,0.0,CAR,,,,,,,,,
522,RB,Jordan Howard,4900,PIT@CHI 01:00PM ET,0.0,CHI,3.0,2017.0,5447.0,RB,chi,h,pit,28.9,6800.0
523,WR,Corey Coleman,4800,CLE@IND 01:00PM ET,0.0,CLE,,,,,,,,,
524,DST,Bengals ,2500,CIN@GB 04:25PM ET,6.38,CIN,,,,,,,,,
525,WR,Willie Snead,4500,NO@CAR 01:00PM ET,0.0,NO,,,,,,,,,
526,RB,Doug Martin,4500,TB@MIN 01:00PM ET,0.0,TB,,,,,,,,,
527,QB,Christian Hackenberg,4100,MIA@NYJ 01:00PM ET,0.0,NYJ,,,,,,,,,
528,QB,Brandon Allen,4000,LAR@SF 08:25PM ET,0.0,LAR,,,,,,,,,
529,QB,Joe Webb,4000,DEN@BUF 01:00PM ET,0.0,BUF,3.0,2017.0,5071.0,QB,buf,h,den,0.0,6000.0
530,QB,Paxton Lynch,4000,DEN@BUF 01:00PM ET,0.0,DEN,,,,,,,,,
531,QB,Taysom Hill,4000,NO@CAR 01:00PM ET,0.0,NO,,,,,,,,,
532,QB,Brad Kaaya,4000,NO@CAR 01:00PM ET,0.0,CAR,,,,,,,,,
533,QB,Mark Sanchez,4000,PIT@CHI 01:00PM ET,0.0,CHI,,,,,,,,,
534,QB,Joshua Dobbs,4000,PIT@CHI 01:00PM ET,0.0,PIT,,,,,,,,,
535,DST,Raiders ,2500,OAK@WAS 08:30PM ET,6.97,OAK,,,,,,,,,
536,WR,Josh Gordon,4000,CLE@IND 01:00PM ET,0.0,CLE,,,,,,,,,
537,QB,Davis Webb,4000,NYG@PHI 01:00PM ET,0.0,NYG,,,,,,,,,
538,QB,Tyler Bray,4000,KC@LAC 04:25PM ET,0.0,KC,,,,,,,,,
539,QB,EJ Manuel,4000,OAK@WAS 08:30PM ET,0.0,OAK,,,,,,,,,
540,WR,Will Fuller V,3800,HOU@NE 01:00PM ET,0.0,HOU,,,,,,,,,
541,WR,Mike Williams,3700,KC@LAC 04:25PM ET,0.0,LAC,,,,,,,,,
542,RB,Taquan Mizzell,3000,PIT@CHI 01:00PM ET,0.0,CHI,,,,,,,,,
543,TE,Ryan Griffin,3000,HOU@NE 01:00PM ET,0.0,HOU,3.0,2017.0,4592.0,TE,hou,a,nwe,14.6,4500.0
544,WR,Kalif Raymond,3000,MIA@NYJ 01:00PM ET,0.0,NYJ,,,,,,,,,
545,DST,Lions ,2400,ATL@DET 01:00PM ET,5.38,DET,,,,,,,,,
546,DST,Redskins ,2400,OAK@WAS 08:30PM ET,5.19,WAS,,,,,,,,,
547,DST,Texans ,2300,HOU@NE 01:00PM ET,5.0,HOU,,,,,,,,,
548,DST,Bears ,2200,PIT@CHI 01:00PM ET,4.73,CHI,,,,,,,,,
549,DST,Jets ,2100,MIA@NYJ 01:00PM ET,5.44,NYJ,,,,,,,,,
550,DST,Saints ,2000,NO@CAR 01:00PM ET,4.59,NO,,,,,,,,,
