player,position,Fantasy Points,FP deviation,Floor,Ceiling,Geometric mean,Median,NewProj,,Week,Name,Pos,DK points,New Predicted,Average Projection
Antonio Brown,WR,24.68,5.13,14.43,34.94,24.06,27.04,21.0767933,,1,Fitzgerald Toussaint,RB,0.601,5.0045948,4.926666667
Julio Jones,WR,23.82,3.27,17.28,30.37,23.59,24.75,20.676476,,1,Jared Abbrederis,WR,1.801,0.869125,4.493333333
Russell Wilson,QB,21.69,1.8,18.09,25.29,21.61,21.67,15.863449,,1,Leonte Carroo,WR,3.401,-0.5396766,4.23
Drew Brees,QB,20.77,2.88,15,26.54,20.58,19.69,26.4752071,,1,David Johnson,RB,23.201,10.0687106,17.58
Ben Roethlisberger,QB,20.75,4.16,12.44,29.06,20.29,21.78,21.8269979,,1,J.J. Nelson,WR,2.101,1.453195,4.075
Andrew Luck,QB,20.38,3.7,12.97,27.78,20.05,20.42,23.0979399,,1,Braxton Miller,WR,1.601,1.3901277,5.11
Odell Beckham,WR,19.84,5.72,8.39,31.29,18.78,19.68,#N/A,,1,Alfred Blue,RB,0.401,4.816432,4.421666667
Cam Newton,QB,19.75,2.66,14.44,25.07,19.56,19.83,16.988273,,1,C.J. Prosise,RB,2.101,5.238062,4.29
Matt Ryan,QB,19.58,1.99,15.6,23.55,19.48,19.2,26.579972,,1,Charles Johnson,WR,1.501,1.8836599,5.383333333
Aaron Rodgers,QB,19.47,2.15,15.17,23.77,19.34,19.91,20.6446218,,1,Luke Willson,TE,4.601,18.96055,5.891666667
Matthew Stafford,QB,19.4,3.13,13.13,25.67,19.13,19.46,22.7852,,1,Benny Cunningham,RB,1.801,9.3896954,5.62
Derek Carr,QB,19.35,1.48,16.4,22.3,19.29,20.02,23.7979994,,1,Tyler Kroft,TE,0.001,8.1391,6.103333333
Tyrod Taylor,QB,19.08,2.39,14.3,23.86,18.93,18.73,14.7599768,,1,Crockett Gillmore,TE,1.501,10.4173,5.118333333
DeAndre Hopkins,WR,18.97,4.95,9.08,28.87,18.2,19.91,13.220364,,1,Albert Wilson,WR,3.101,3.4975733,6.516666667
Kirk Cousins,QB,18.52,2.37,13.79,23.25,18.36,18.53,20.1477968,,1,Josh Hill,TE,0.001,10.4173,4.288333333
Devonta Freeman,RB,18.42,2.31,13.8,23.04,18.27,17.78,21.184064,,1,Darren Fells,TE,0.001,16.68235,5.22
Alex Smith,QB,18.38,4.14,10.1,26.67,17.93,17.97,17.5771787,,1,Tim Hightower,RB,2.001,7.2164486,6.373333333
Todd Gurley,RB,18.21,1.62,14.97,21.45,18.14,18.24,20.8354872,,1,Andre Johnson,WR,6.001,1.6001072,4.923333333
Amari Cooper,WR,17.86,4.07,9.71,26,17.41,16.88,20.8411122,,1,Jared Cook,TE,1.701,10.98685,6.9
Jameis Winston,QB,17.84,1.41,15.03,20.65,17.78,17.85,23.791538,,1,James Starks,RB,2.301,9.630044,7.45
Blake Bortles,QB,17.59,2.31,12.97,22.21,17.42,17.61,20.0619638,,1,Alfred Morris,RB,3.501,4.6950838,4.198333333
Eli Manning,QB,17.42,2.97,11.49,23.36,17.15,17.42,17.003966,,1,Justin Hardy,WR,1.001,5.629862,6.27
David Johnson,RB,17.33,1.96,13.42,21.24,17.23,16.89,10.0687106,,1,Jaelen Strong,WR,0.001,3.51408,4.873333333
Dez Bryant,WR,17.14,4.53,8.09,26.2,16.58,16.4,14.5745225,,1,Kamar Aiken,WR,3.401,4.5455433,8.6
Ryan Fitzpatrick,QB,17.07,1.26,14.54,19.59,17.02,16.96,14.746188,,1,Will Tye,TE,4.601,8.1391,6.308333333
DeAngelo Williams,RB,17.02,3.64,9.74,24.31,16.68,16.49,17.276852,,1,Shaun Draughn,RB,10.601,7.1475458,6.12
Dak Prescott,QB,16.99,2,12.98,21,16.87,17.54,20.5958573,,1,Larry Donnell,TE,8.501,8.1391,4.926666667
Mike Evans,WR,16.98,4.19,8.59,25.36,16.57,15.77,23.9301977,,1,Tyler Lockett,WR,4.701,6.1250825,10.69833333
Carson Palmer,QB,16.89,2.28,12.33,21.45,16.72,17.99,18.239418,,1,Charcandrick West,RB,8.301,10.4548926,8.635
Brock Osweiler,QB,16.87,2.06,12.74,21,16.73,17.89,13.6918192,,1,Quinton Patton,WR,11.001,5.1065434,6.825
Brandon Marshall,WR,16.86,1.96,12.93,20.79,16.75,16.25,13.957905,,1,Jermaine Kearse,WR,10.701,6.429575,8.013333333
Adrian Peterson,RB,16.85,4.96,6.93,26.76,16.08,15.97,#N/A,,1,Devin Funchess,WR,1.901,3.7080999,8.61
Philip Rivers,QB,16.55,2.61,11.33,21.77,16.36,16.48,18.9443239,,1,DeAndre Washington,RB,3.401,10.0216646,5.125
Lamar Miller,RB,16.49,4.75,7,25.99,15.68,16.68,16.110692,,1,Austin Seferian-Jenkins,TE,10.001,8.1391,5.075
T.Y. Hilton,WR,16.39,3.77,8.85,23.92,16.02,15.34,18.7220122,,1,John Brown,WR,1.801,5.8406977,10.05
Jimmy Garoppolo,QB,16.36,2.4,11.55,21.17,16.18,16.3,10.1649881,,1,Virgil Green,TE,6.801,10.4173,5.376666667
A.J. Green,WR,16.36,2.56,11.24,21.48,16.16,16.3,20.450074,,1,Derrick Henry,RB,6.401,5.520697,7.7
Allen Robinson,WR,16.25,2.26,11.73,20.76,16.1,15.93,10.5670599,,1,Zach Ertz,TE,11.801,10.98685,10.69333333
Sammy Watkins,WR,16.21,4.09,8.03,24.4,15.81,15.01,4.015235,,1,Tyler Boyd,WR,4.401,6.302884,6.69
Brandin Cooks,WR,16.21,2.81,10.58,21.84,15.99,15.63,19.8604401,,1,Tajae Sharpe,WR,14.601,3.8833325,8.87
Ezekiel Elliott,RB,16.15,5.4,5.34,26.95,15.2,15.69,18.5857134,,1,Sammy Watkins,WR,8.301,4.015235,16.27
Mark Ingram,RB,15.84,2.62,10.59,21.09,15.62,15.88,17.3511034,,1,Dorial Green-Beckham,WR,3.401,9.26604,5.955
Jarvis Landry,WR,15.69,2.69,10.3,21.07,15.48,15.46,14.7983133,,1,Clive Walford,TE,5.501,10.4173,7.075
Doug Martin,RB,15.66,2.33,11,20.31,15.5,14.97,16.264648,,1,Thomas Rawls,RB,8.801,8.60715,7.966666667
Marcus Mariota,QB,15.61,1.45,12.7,18.52,15.54,16.21,15.7808834,,1,Vincent Jackson,WR,3.801,7.31615,10.58333333
Demaryius Thomas,WR,15.53,2.36,10.81,20.26,15.36,14.53,15.1713797,,1,Justin Forsett,RB,8.601,11.836388,9.031666667
Blaine Gabbert,QB,15.46,1.37,12.71,18.21,15.4,15.52,15.626652,,1,Torrey Smith,WR,3.301,6.0696766,10.48666667
Carson Wentz,QB,15.43,2.27,10.88,19.97,15.25,14.89,17.3575891,,1,Jordan Cameron,TE,2.601,18.96055,6.413333333
Andy Dalton,QB,15.28,1.38,12.53,18.03,15.22,15.2,21.0263552,,1,Jerick McKinnon,RB,1.901,7.8766714,5.96
Eric Decker,WR,15.11,1.6,11.92,18.3,15.03,14.78,15.0981123,,1,Vance McDonald,TE,9.401,9.84775,8.378333333
Jordy Nelson,WR,15.1,3.84,7.42,22.78,14.44,16.04,15.2374234,,1,Arian Foster,RB,13.001,8.36149,11.58333333
Larry Fitzgerald,WR,15.08,2.35,10.39,19.77,14.9,14.96,19.2702223,,1,Danny Amendola,WR,7.801,4.76453,4.895
Keenan Allen,WR,15.02,6.72,1.58,28.46,13.39,15.71,#N/A,,1,Nelson Agholor,WR,15.701,10.0286766,5.526666667
Joe Flacco,QB,14.99,1.71,11.56,18.42,14.89,15.7,15.5739458,,1,Charles Clay,TE,6.001,10.4173,8.763333333
Jordan Reed,TE,14.71,2.16,10.39,19.04,14.55,15.13,9.84775,,1,Chris Conley,WR,8.301,7.5393599,5.471666667
Alshon Jeffery,WR,14.42,3.92,6.58,22.25,13.82,15.42,11.212722,,1,Phillip Dorsett,WR,13.401,8.2465333,9.411666667
Michael Crabtree,WR,14.3,2.11,10.09,18.51,14.15,14.11,19.5762972,,1,Dontrelle Inman,WR,1.601,7.8361497,5.643333333
Doug Baldwin,WR,14.24,3.99,6.25,22.22,13.55,14.4,18.00029,,1,Andrew Hawkins,WR,-0.099,6.86849,6.538333333
Jay Cutler,QB,14.1,1.35,11.39,16.8,14.03,14.16,6.935268,,1,Lance Kendricks,TE,3.501,9.84775,4.858333333
LeSean McCoy,RB,14.06,3.73,6.61,21.52,13.58,13.18,17.091274,,1,Robert Woods,WR,6.001,5.673548,6.98
Latavius Murray,RB,13.97,2.89,8.2,19.75,13.63,13.76,18.5672226,,1,Devontae Booker,RB,-0.199,9.8217966,5.048333333
Rob Gronkowski,TE,13.91,3.81,6.3,21.52,13.2,14.26,#N/A,,1,Jesse James,TE,8.101,9.84775,6.853333333
Ryan Tannehill,QB,13.79,1.38,11.03,16.56,13.72,13.77,15.0628749,,1,Eli Rogers,WR,17.901,8.8671125,7.248333333
Golden Tate,WR,13.77,4.06,5.66,21.88,12.95,14.29,13.3480572,,1,James White,RB,9.401,8.679454,9.856666667
Jeremy Maclin,WR,13.7,4.01,5.69,21.71,12.96,13.97,11.2738433,,1,Bilal Powell,RB,6.801,10.2482,7.696666667
Robert Griffin,QB,13.67,3.97,5.73,21.62,12.78,13.81,#N/A,,1,Doug Martin,RB,14.601,16.264648,15.16
Matt Forte,RB,13.62,1.48,10.67,16.58,13.54,13.7,16.7295096,,1,Mohamed Sanu,WR,21.001,9.95834,9.18
Randall Cobb,WR,13.33,3.86,5.6,21.05,12.48,14.54,15.4538473,,1,Dwayne Allen,TE,17.301,7,9.703333333
Donte Moncrief,WR,13.24,4.14,4.96,21.52,12.17,14.19,11.8779577,,1,Jay Cutler,QB,12.841,6.935268,14.21166667
Spencer Ware,RB,13.19,3.67,5.85,20.53,12.59,13.07,17.480502,,1,Terrance Williams,WR,6.401,8.7957233,9.145
Eddie Lacy,RB,13.06,2.82,7.42,18.71,12.71,12.88,14.832573,,1,Chris Thompson,RB,11.901,9.587528,8.525
DeSean Jackson,WR,13.01,2.78,7.45,18.56,12.76,11.85,12.204304,,1,Rashad Jennings,RB,8.801,10.417176,11.59333333
Michael Floyd,WR,12.74,3.11,6.52,18.97,12.44,12.2,9.3390823,,1,Seth Roberts,WR,9.901,10.5117897,5.921666667
Willie Snead,WR,12.67,2.41,7.86,17.48,12.47,12.6,17.3814027,,1,Antonio Gates,TE,5.001,14.40415,10.48666667
DeMarco Murray,RB,12.31,3.56,5.2,19.43,11.79,12.31,14.4996996,,1,Victor Cruz,WR,13.401,8.5067699,5.545
Panthers,DST,12.2,5.81,0.59,23.81,11.24,9.75,#N/A,,1,Jacob Tamme,TE,11.101,9.84775,6.565
Jeremy Langford,RB,12.15,1.98,8.2,16.1,11.98,12.51,12.019378,,1,Chris Hogan,WR,15.001,6.600854,6.211666667
Duke Johnson,RB,12.12,2.37,7.39,16.85,11.87,12.01,#N/A,,1,Jason Witten,TE,15.601,8.1391,10.24166667
Travis Kelce,TE,12.06,4.05,3.97,20.16,10.83,12.66,14.40415,,1,Gary Barnidge,TE,0.001,10.98685,12.90666667
Marvin Jones,WR,12.04,3.48,5.09,19,11.44,12,#N/A,,1,Eddie Lacy,RB,8.801,14.832573,12.62
Greg Olsen,TE,12.02,2.08,7.86,16.18,11.85,11.92,10.4173,,1,T.J. Yeldon,RB,16.901,10.5585934,8.308333333
Jordan Matthews,WR,11.9,3.16,5.57,18.22,11.34,13.01,16.6947201,,1,Michael Floyd,WR,9.101,9.3390823,13.355
Ryan Mathews,RB,11.87,3,5.87,17.88,11.41,11.55,15.4025286,,1,Jeremy Hill,RB,9.101,12.331236,9.961666667
Julian Edelman,WR,11.74,3.77,4.2,19.27,10.88,13.98,7.612706,,1,Marqise Lee,WR,4.201,8.0514834,5.55
Frank Gore,RB,11.73,1.47,8.78,14.68,11.64,11.12,14.9103266,,1,Kenny Stills,WR,2.601,8.1997266,8.025
Case Keenum,QB,11.72,3.09,5.55,17.9,11.15,12.5,13.7388891,,1,Julius Thomas,TE,17.401,10.98685,9.535
Corey Coleman,WR,11.72,1.46,8.81,14.63,11.63,11.31,17.970755,,1,Ryan Mathews,RB,13.701,15.4025286,12.06166667
Emmanuel Sanders,WR,11.66,1.64,8.39,14.93,11.52,12.61,15.0776897,,1,Julian Edelman,WR,15.201,7.612706,12.48166667
Rashad Jennings,RB,11.55,1.69,8.17,14.92,11.42,11.69,10.417176,,1,Rishard Matthews,WR,5.601,7.5962672,7.716666667
Gary Barnidge,TE,11.51,4.57,2.37,20.66,7.72,12.4,10.98685,,1,Jeremy Langford,RB,14.301,12.019378,12.085
Pierre Garcon,WR,11.41,3.12,5.18,17.64,11.04,11.46,11.49226,,1,Pierre Garcon,WR,11.101,11.49226,10.15833333
Arian Foster,RB,11.35,2.64,6.07,16.63,11.1,11,8.36149,,1,Shaun Hill,QB,10.241,12.785172,9.59
Stefon Diggs,WR,11.17,3.42,4.33,18,10.48,11.68,15.3712723,,1,Anquan Boldin,WR,6.501,12.3989775,7.62
C.J. Anderson,RB,11.09,4.8,1.5,20.68,12.46,11.25,17.6450134,,1,Cameron Brate,TE,6.001,9.84775,4.831666667
Carlos Hyde,RB,11.05,2.29,6.47,15.64,10.8,11,14.8519046,,1,Darren Sproles,RB,5.601,13.8481618,8.541666667
Tyler Lockett,WR,11.05,3.45,4.15,17.95,10.31,11.59,6.1250825,,1,DeSean Jackson,WR,19.201,12.204304,12.935
Sterling Shepard,WR,11,3.69,3.63,18.37,10.32,10.46,10.8227867,,1,Coby Fleener,TE,1.601,10.4173,10.04833333
Tavon Austin,WR,10.98,3.14,4.69,17.27,10.43,12.07,14.4548966,,1,Sammie Coates,WR,7.601,11.6946767,6.21
Trevor Siemian,QB,10.94,2.2,6.53,15.34,10.66,11.44,17.1186931,,1,Jeremy Kerley,WR,13.101,10.5133933,5.783333333
Vincent Jackson,WR,10.81,3.59,3.62,17.99,10.12,10.8,7.31615,,1,Terrance West,RB,5.801,9.2952398,5.663333333
Antonio Gates,TE,10.78,3.69,3.41,18.16,10.12,10.2,14.40415,,1,Sterling Shepard,WR,13.301,10.8227867,11.18166667
Torrey Smith,WR,10.71,1.36,7.99,13.44,10.62,10.85,6.0696766,,1,Jeremy Maclin,WR,17.201,11.2738433,14.03666667
Jason Witten,TE,10.61,2.81,4.98,16.24,10.02,11.22,8.1391,,1,Donte Moncrief,WR,18.401,11.8779577,13.08333333
Giovani Bernard,RB,10.57,2.49,5.6,15.54,10.22,10.51,14.169724,,1,Golden Tate,WR,11.301,13.3480572,13.68333333
John Brown,WR,10.47,3.42,3.63,17.32,9.66,11.8,5.8406977,,1,Kyle Rudolph,TE,10.501,9.84775,6.568333333
Kelvin Benjamin,WR,10.36,1.43,7.5,13.21,10.25,10.86,12.5018433,,1,Matt Jones,RB,4.301,11.65692,10.02833333
Sam Bradford,QB,10.33,6.46,-2.59,23.25,12.02,12.54,#N/A,,1,Eric Ebron,TE,15.601,7,7.215
Melvin Gordon,RB,10.33,2.1,6.13,14.53,10.09,10.73,14.4858776,,1,Tavon Austin,WR,5.501,14.4548966,10.98666667
Theo Riddick,RB,10.3,3.78,2.73,17.87,9.63,9.83,17.248644,,1,Brandon LaFell,WR,13.101,11.943022,6.628333333
Coby Fleener,TE,10.16,3.09,3.97,16.35,9.43,11.17,10.4173,,1,Jimmy Garoppolo,QB,16.061,10.1649881,16.37
Delanie Walker,TE,10.1,3.2,3.7,16.49,9.38,11.38,9.84775,,1,Allen Robinson,WR,13.201,10.5670599,16.06333333
Eagles,DST,10.08,6.85,-3.61,23.78,8.57,7,#N/A,,1,Delanie Walker,TE,7.201,9.84775,10.96166667
Allen Hurns,WR,10.02,1.95,6.13,13.92,9.8,10.09,10.6607499,,1,Jamison Crowder,WR,11.801,13.572178,6.12
Julius Thomas,TE,9.88,3.26,3.37,16.4,9.25,9.84,10.98685,,1,Lamar Miller,RB,18.701,16.110692,16.38833333
Matt Jones,RB,9.81,1.92,5.96,13.66,9.61,9.71,11.65692,,1,Allen Hurns,WR,11.501,10.6607499,9.576666667
Zach Ertz,TE,9.78,2.26,5.25,14.31,9.38,10.8,10.98685,,1,Ryan Fitzpatrick,QB,16.061,14.746188,17.035
Chiefs,DST,9.73,2.56,4.61,14.85,9.42,8.8,#N/A,,1,Mark Ingram,RB,10.701,17.3511034,16.955
James White,RB,9.72,2.16,5.41,14.03,9.47,9.1,8.679454,,1,Tyrell Williams,WR,9.101,12.7661175,4.418333333
Jonathan Stewart,RB,9.67,2.04,5.59,13.76,9.47,9.34,10.465325,,1,Alshon Jeffery,WR,17.501,11.212722,15.06833333
Danny Woodhead,RB,9.67,2.83,4,15.33,9.15,10.82,#N/A,,1,Quincy Enunwa,WR,18.401,13.7471025,5.401666667
Justin Forsett,RB,9.62,2.67,4.29,14.95,9.22,9.84,11.836388,,1,DeAngelo Williams,RB,38.101,17.276852,17.715
Vikings,DST,9.6,4.69,0.22,18.98,8.47,8.3,#N/A,,1,Zach Miller,TE,4.401,13.26505,8.848333333
Jeremy Hill,RB,9.53,3.89,1.76,17.3,8.93,8.91,12.331236,,1,Giovani Bernard,RB,5.001,14.169724,10.33166667
Steve Smith,WR,9.48,3.35,2.78,16.19,8.13,10.41,#N/A,,1,Brock Osweiler,QB,17.641,13.6918192,17.31833333
Packers,DST,9.47,4.36,0.74,18.19,8.75,7.95,#N/A,,1,Travis Kelce,TE,13.401,14.40415,13.68833333
Shane Vereen,RB,9.41,0.72,7.97,10.86,9.38,9.44,#N/A,,1,Brandon Marshall,WR,6.201,13.957905,17.10833333
Isaiah Crowell,RB,9.28,1.64,6,12.57,9.15,8.67,10.3291586,,1,Jimmy Graham,TE,2.101,18.96055,4.665
Cardinals,DST,9.27,3.08,3.1,15.44,8.88,7.8,#N/A,,1,Trevor Siemian,QB,11.121,17.1186931,11.74
Charles Sims,RB,9.26,1.86,5.53,12.98,9.05,9.89,15.1565446,,1,Todd Gurley,RB,5.201,20.8354872,17.845
Ameer Abdullah,RB,9.21,1.84,5.54,12.88,9.03,9.38,#N/A,,1,Jonathan Stewart,RB,6.401,10.465325,9.906666667
Phillip Dorsett,WR,9.21,1.14,6.93,11.5,9.14,9.21,8.2465333,,1,Travis Benjamin,WR,10.201,13.5624825,7.95
Kenny Britt,WR,9.19,1.34,6.5,11.88,9.1,9.13,16.6500533,,1,Adam Humphries,WR,7.101,14.4675077,4.826666667
Markus Wheaton,WR,9.1,1.92,5.26,12.94,8.88,9.44,#N/A,,1,Latavius Murray,RB,14.201,18.5672226,14.16833333
Mohamed Sanu,WR,9.03,2.48,4.07,13.99,8.51,9.63,9.95834,,1,Jordan Matthews,WR,27.401,16.6947201,11.425
Charles Clay,TE,8.98,3.08,2.81,15.15,8.31,9.01,10.4173,,1,DeAndre Hopkins,WR,16.401,13.220364,20.17833333
Lions,DST,8.95,3.43,2.1,15.8,8.4,8.2,#N/A,,1,Cole Beasley,WR,14.501,14.0695334,6.598333333
Zach Miller,TE,8.92,0.76,7.41,10.43,8.88,9.32,13.26505,,1,Kenny Britt,WR,10.701,16.6500533,9.311666667
Kamar Aiken,WR,8.91,1.71,5.49,12.33,8.72,9.17,4.5455433,,1,Charles Sims,RB,13.101,15.1565446,9.153333333
Bears,DST,8.9,6.37,-3.84,21.64,7.5,6.65,#N/A,,1,Eric Decker,WR,11.701,15.0981123,14.84833333
Will Fuller,WR,8.89,3.8,1.28,16.5,7.7,9.22,14.232216,,1,Isaiah Crowell,RB,15.801,10.3291586,9.49
Tajae Sharpe,WR,8.76,3.53,1.7,15.82,8.11,8.34,3.8833325,,1,Carson Wentz,QB,19.221,17.3575891,16.12333333
Patriots,DST,8.73,3.42,1.89,15.58,8.2,7.4,#N/A,,1,Case Keenum,QB,4.201,13.7388891,12.84833333
Seahawks,DST,8.6,2.99,2.61,14.59,8.19,8.05,#N/A,,1,Dez Bryant,WR,1.801,14.5745225,16.32166667
Dwayne Allen,TE,8.6,2.78,3.03,14.17,8.18,8.33,7,,1,Eddie Royal,WR,15.701,13.086522,5.856666667
Martellus Bennett,TE,8.58,3.57,1.44,15.72,7.88,8.49,16.68235,,1,Kelvin Benjamin,WR,21.101,12.5018433,10.05
Terrance Williams,WR,8.58,1.76,5.06,12.11,8.37,8.7,8.7957233,,1,Frank Gore,RB,11.801,14.9103266,11.92666667
Darren Sproles,RB,8.56,2.08,4.41,12.71,8.23,9,13.8481618,,1,Alex Smith,QB,32.021,17.5771787,19.91
Bengals,DST,8.45,3.4,1.65,15.25,7.96,7.15,#N/A,,1,Emmanuel Sanders,WR,9.901,15.0776897,11.5
Rishard Matthews,WR,8.43,2.85,2.73,14.14,7.87,8.14,7.5962672,,1,Demaryius Thomas,WR,8.801,15.1713797,14.625
Texans,DST,8.42,2.56,3.29,13.54,8.11,7.7,#N/A,,1,Jordan Reed,TE,13.401,9.84775,15.25833333
Shaun Hill,QB,8.37,5.51,-2.65,19.4,7.5,11.7,12.785172,,1,Joe Flacco,QB,13.021,15.5739458,15.24333333
LeGarrette Blount,RB,8.37,2.63,3.12,13.63,7.83,9.18,10.922174,,1,Will Fuller,WR,24.701,14.232216,9.295
Michael Thomas,WR,8.36,1.81,4.75,11.97,8.16,7.9,17.9997567,,1,LeGarrette Blount,RB,12.001,10.922174,8.876666667
Javorius Allen,RB,8.32,4.12,0.07,16.57,7.48,5.79,#N/A,,1,Willie Snead,WR,35.201,17.3814027,13.12166667
Devin Funchess,WR,8.29,1.64,5,11.57,8.13,8.44,3.7080999,,1,Mike Wallace,WR,19.201,15.4135833,7.28
Thomas Rawls,RB,8.24,3.05,2.14,14.33,7.68,7.81,8.60715,,1,Blaine Gabbert,QB,14.501,15.626652,15.17666667
Jermaine Kearse,WR,8.22,1.64,4.93,11.51,8.05,8.25,6.429575,,1,Ryan Tannehill,QB,15.141,15.0628749,13.80666667
Travis Benjamin,WR,8.21,2.38,3.44,12.97,7.78,9.51,13.5624825,,1,Jordy Nelson,WR,15.201,15.2374234,15.57666667
Broncos,DST,8.2,3.3,1.6,14.8,7.65,7.6,#N/A,,1,Eli Manning,QB,19.281,17.003966,17.50333333
Charcandrick West,RB,8.15,1.79,4.57,11.73,7.93,8.6,10.4548926,,1,Randall Cobb,WR,12.801,15.4538473,13.51
Christine Michael,RB,8.06,3.66,0.74,15.38,6.94,8.49,12.933576,,1,Tyrod Taylor,QB,5.541,14.7599768,19.55
Giants,DST,8,6.32,-4.64,20.64,6.53,5.35,#N/A,,1,Michael Thomas,WR,11.801,17.9997567,8.508333333
Steelers,DST,7.98,2.77,2.45,13.52,7.62,7.05,#N/A,,1,Davante Adams,WR,14.001,15.7592767,5.323333333
Colts,DST,7.95,3.45,1.06,14.84,7.32,7.4,#N/A,,1,Stefon Diggs,WR,20.201,15.3712723,10.89333333
Chris Thompson,RB,7.95,1.99,3.97,11.94,7.68,8.19,9.587528,,1,Russell Wilson,QB,13.921,15.863449,22.17166667
T.J. Yeldon,RB,7.94,2.98,1.97,13.91,7.06,9.5,10.5585934,,1,Martellus Bennett,TE,4.401,16.68235,8.835
Anquan Boldin,WR,7.9,1.25,5.4,10.41,7.8,8.02,12.3989775,,1,Jarvis Landry,WR,12.901,14.7983133,16.04666667
Bilal Powell,RB,7.86,3.18,1.51,14.22,8.9,9.1,10.2482,,1,Christine Michael,RB,9.101,12.933576,7.681666667
Jets,DST,7.85,2.95,1.96,13.74,7.4,7.05,#N/A,,1,Carlos Hyde,RB,23.301,14.8519046,11.53333333
Buccaneers,DST,7.8,3.82,0.16,15.44,7.11,6.7,#N/A,,1,Matt Forte,RB,20.501,16.7295096,13.79
Derrick Henry,RB,7.7,3.11,1.48,13.92,6.86,7.64,5.520697,,1,Spencer Ware,RB,35.901,17.480502,13.19333333
Terrelle Pryor,WR,7.69,2.4,2.88,12.5,7.2,8.28,#N/A,,1,Greg Olsen,TE,14.301,10.4173,12.36833333
Chris Ivory,RB,7.64,2.34,2.96,12.32,7.22,8.12,#N/A,,1,Devonta Freeman,RB,8.001,21.184064,18.965
Kenny Stills,WR,7.62,2.57,2.48,12.75,7.02,8,8.1997266,,1,Kirk Cousins,QB,14.961,20.1477968,18.62666667
Saints,DST,7.57,3.97,-0.38,15.51,6.75,6.7,#N/A,,1,C.J. Anderson,RB,29.901,17.6450134,12.88
Kyle Rudolph,TE,7.55,2.81,1.94,13.16,7.06,7.3,9.84775,,1,Carson Palmer,QB,18.941,18.239418,17.64166667
Vance McDonald,TE,7.53,3.07,1.39,13.67,6.79,7.03,9.84775,,1,Doug Baldwin,WR,24.201,18.00029,15.435
Victor Cruz,WR,7.47,4.89,-2.32,17.26,6.41,6.49,8.5067699,,1,Brandin Cooks,WR,36.401,19.8604401,16.155
Eli Rogers,WR,7.34,3.9,-0.46,15.15,6.06,7.91,8.8671125,,1,Andy Dalton,QB,21.341,21.0263552,15.42
Mike Wallace,WR,7.32,1.93,3.46,11.17,6.95,7.53,15.4135833,,1,Michael Crabtree,WR,17.701,19.5762972,14.31666667
Browns,DST,7.28,3.41,0.47,14.1,6.61,6.1,#N/A,,1,T.Y. Hilton,WR,13.901,18.7220122,16.89666667
Robert Woods,WR,7.28,1.48,4.33,10.23,7.11,7.74,5.673548,,1,Marcus Mariota,QB,18.741,15.7808834,15.38333333
Raiders,DST,7.27,3.1,1.06,13.48,6.77,6.15,#N/A,,1,Theo Riddick,RB,27.801,17.248644,10.37833333
Clive Walford,TE,7.27,2.68,1.9,12.63,6.59,8.41,10.4173,,1,Philip Rivers,QB,14.621,18.9443239,16.52333333
Ravens,DST,7.2,4.51,-1.83,16.23,6.26,5.05,#N/A,,1,Tevin Coleman,RB,16.701,14.116308,5.536666667
Tyler Boyd,WR,7.08,2.61,1.86,12.3,6.34,7.87,6.302884,,1,Dak Prescott,QB,10.281,20.5958573,17.57666667
Jesse James,TE,7.07,1.67,3.74,10.41,6.8,7.66,9.84775,,1,Corey Coleman,WR,8.901,17.970755,11.45666667
Jared Cook,TE,7.05,1.74,3.56,10.54,6.74,7.66,10.98685,,1,Amari Cooper,WR,24.701,20.8411122,17.77333333
Danny Amendola,WR,7.05,5.78,-4.5,18.61,5.26,4.76,4.76453,,1,Julio Jones,WR,16.601,20.676476,25.01666667
Redskins,DST,7.02,3.29,0.44,13.59,6.43,6.3,#N/A,,1,Larry Fitzgerald,WR,28.101,19.2702223,14.75833333
Eric Ebron,TE,7,3.08,0.84,13.16,6.11,8.24,7,,1,LeSean McCoy,RB,17.001,17.091274,14.61
Ted Ginn,WR,6.98,2.75,1.47,12.49,6.41,6.59,#N/A,,1,Blake Bortles,QB,19.001,20.0619638,17.17333333
James Starks,RB,6.93,2.52,1.89,11.98,6.1,7.38,9.630044,,1,Matthew Stafford,QB,29.101,22.7852,19.005
Quinton Patton,WR,6.9,1.35,4.19,9.6,6.74,7.4,5.1065434,,1,Melvin Gordon,RB,17.701,14.4858776,10.07
Falcons,DST,6.85,4.29,-1.74,15.44,5.89,5.45,#N/A,,1,Antonio Brown,WR,35.601,21.0767933,25.27166667
Bills,DST,6.83,3.71,-0.58,14.24,6.16,5.4,#N/A,,1,A.J. Green,WR,39.001,20.450074,16.39166667
49ers,DST,6.8,4.37,-1.94,15.54,5.79,5.1,#N/A,,1,Ezekiel Elliott,RB,12.201,18.5857134,16.57166667
Chargers,DST,6.65,3.53,-0.41,13.71,5.95,5.05,#N/A,,1,Cam Newton,QB,22.161,16.988273,18.67
Jaguars,DST,6.6,3.91,-1.22,14.42,5.15,6.6,#N/A,,1,Derek Carr,QB,25.361,23.7979994,19.41666667
Jordan Cameron,TE,6.58,1.92,2.74,10.42,6.16,7.54,18.96055,,1,Jameis Winston,QB,26.541,23.791538,17.72166667
Andrew Hawkins,WR,6.54,1.96,2.63,10.45,6.25,6.08,6.86849,,1,DeMarco Murray,RB,23.701,14.4996996,12.315
Chris Hogan,WR,6.52,2.1,2.32,10.72,6.01,6.5,6.600854,,1,Ben Roethlisberger,QB,25.801,21.8269979,20.95333333
Albert Wilson,WR,6.52,1.77,2.98,10.05,6.3,5.96,3.4975733,,1,Aaron Rodgers,QB,23.561,20.6446218,19.19833333
Jacob Tamme,TE,6.51,2.12,2.27,10.75,6.12,6.56,9.84775,,1,Andrew Luck,QB,38.501,23.0979399,21.81
Brandon LaFell,WR,6.5,1.88,2.75,10.25,6.22,6.63,11.943022,,1,Mike Evans,WR,20.901,23.9301977,17.40333333
Dolphins,DST,6.47,4.02,-1.58,14.51,5.55,5.15,#N/A,,1,Drew Brees,QB,35.421,26.4752071,20.87666667
Titans,DST,6.45,4.96,-3.47,16.37,5.07,5.15,#N/A,,1,Matt Ryan,QB,27.361,26.579972,19.995
Will Tye,TE,6.25,1.29,3.66,8.83,6.13,6.07,8.1391,,,,,,,
Tim Hightower,RB,6.24,4.58,-2.92,15.4,5.11,4.02,7.2164486,,,,,,,
Seth Roberts,WR,6.14,1.83,2.47,9.8,5.8,6.44,10.5117897,,,,,,,
Justin Hardy,WR,6.13,2.07,1.98,10.28,5.71,7.1,5.629862,,,,,,,
Tyler Kroft,TE,6.1,2.81,0.48,11.73,4.95,6.44,8.1391,,,,,,,
Shaun Draughn,RB,6.09,2.66,0.77,11.41,4.59,6.2,7.1475458,,,,,,,
Dorial Green-Beckham,WR,6.03,1.83,2.37,9.69,5.78,5.36,9.26604,,,,,,,
Laquon Treadwell,WR,6.01,2.98,0.06,11.96,5.25,4.28,#N/A,,,,,,,
Cole Beasley,WR,6,2.75,0.51,11.5,6.58,7.11,14.0695334,,,,,,,
Jamison Crowder,WR,6,2.06,1.88,10.12,5.57,6.35,13.572178,,,,,,,
Cowboys,DST,5.88,3.98,-2.08,13.85,4.54,5.05,#N/A,,,,,,,
Jerick McKinnon,RB,5.88,1.33,3.22,8.54,5.73,5.4,7.8766714,,,,,,,
Terrance West,RB,5.85,2.23,1.4,10.3,5.24,6.94,9.2952398,,,,,,,
Davante Adams,WR,5.83,2.23,1.36,10.29,5.33,6.22,15.7592767,,,,,,,
Tevin Coleman,RB,5.8,1.62,2.56,9.05,5.52,6.34,14.116308,,,,,,,
Nelson Agholor,WR,5.79,1.79,2.2,9.37,5.46,6.83,10.0286766,,,,,,,
Eddie Royal,WR,5.69,1.35,2.99,8.4,5.52,5.4,13.086522,,,,,,,
Dontrelle Inman,WR,5.64,2.48,0.69,10.6,5,6.1,7.8361497,,,,,,,
Benny Cunningham,RB,5.62,2.57,0.48,10.76,4.61,5.78,9.3896954,,,,,,,
Virgil Green,TE,5.61,2.1,1.41,9.81,4.79,6.24,10.4173,,,,,,,
Crockett Gillmore,TE,5.6,2.16,1.27,9.93,5.18,5.59,10.4173,,,,,,,
Chris Conley,WR,5.57,1.95,1.67,9.46,5.21,5.52,7.5393599,,,,,,,
Marqise Lee,WR,5.57,1.63,2.31,8.82,5.33,5.67,8.0514834,,,,,,,
DeAndre Washington,RB,5.55,2.22,1.11,9.99,5.02,5.38,10.0216646,,,,,,,
Sammie Coates,WR,5.55,2.05,1.46,9.65,5.02,5.5,11.6946767,,,,,,,
Jay Ajayi,RB,5.5,1.08,3.34,7.66,5.41,4.94,#N/A,,,,,,,
Charles Johnson,WR,5.5,2.71,0.09,10.92,4.42,6.23,1.8836599,,,,,,,
Larry Donnell,TE,5.45,2.25,0.96,9.94,4.93,5.53,8.1391,,,,,,,
Jeremy Kerley,WR,5.45,1.42,2.6,8.29,5.26,5.63,10.5133933,,,,,,,
Austin Seferian-Jenkins,TE,5.38,1.54,2.3,8.46,5.11,5.46,8.1391,,,,,,,
Devontae Booker,RB,5.31,2.4,0.5,10.11,6.09,5.16,9.8217966,,,,,,,
Quincy Enunwa,WR,5.29,1.72,1.85,8.73,5.06,4.75,13.7471025,,,,,,,
Cameron Brate,TE,5.28,1.76,1.77,8.8,4.93,5.82,9.84775,,,,,,,
Darren Fells,TE,5.22,1.35,2.52,7.92,5.06,4.86,16.68235,,,,,,,
Braxton Miller,WR,5.11,2.32,0.46,9.76,4.44,5.17,1.3901277,,,,,,,
Luke Willson,TE,5.09,2.73,-0.38,10.55,4.14,5.12,18.96055,,,,,,,
Lance Kendricks,TE,5.01,1.99,1.04,8.98,4.55,5.25,9.84775,,,,,,,
Alfred Morris,RB,5,2.3,0.4,9.6,4.5,4.44,4.6950838,,,,,,,
Andre Johnson,WR,4.99,1.6,1.78,8.19,4.72,5.12,1.6001072,,,,,,,
C.J. Spiller,RB,4.93,2.43,0.08,9.78,2.53,5.28,#N/A,,,,,,,
Jack Doyle,TE,4.91,1.5,1.91,7.91,4.68,4.21,#N/A,,,,,,,
Rod Streater,WR,4.85,2.44,-0.03,9.73,3.76,5.07,#N/A,,,,,,,
Adam Humphries,WR,4.72,1.95,0.82,8.62,4.08,4.64,14.4675077,,,,,,,
Jimmy Graham,TE,4.66,2.24,0.18,9.15,5.53,5.05,18.96055,,,,,,,
Fitzgerald Toussaint,RB,4.63,1.71,1.21,8.04,4.35,4.15,5.0045948,,,,,,,
Jaelen Strong,WR,4.58,1.5,1.57,7.59,4.34,4.36,3.51408,,,,,,,
Tyrell Williams,WR,4.56,2.03,0.5,8.61,3.77,5.38,12.7661175,,,,,,,
Jared Abbrederis,WR,4.49,2.23,0.04,8.95,3.91,4.01,0.869125,,,,,,,
Ryan Griffin,TE,4.48,1.4,1.68,7.28,4.21,5.35,#N/A,,,,,,,
Alfred Blue,RB,4.42,2.55,-0.69,9.52,3.61,4.39,4.816432,,,,,,,
Colin Kaepernick,QB,4.39,5.69,-6.99,15.77,3.06,2.65,#N/A,,,,,,,
Chris Johnson,RB,4.36,1.47,1.42,7.3,4.12,3.5,#N/A,,,,,,,
J.J. Nelson,WR,4.08,1.84,0.39,7.76,3.71,3.98,1.453195,,,,,,,
Rob Kelley,RB,4.07,1.88,0.31,7.84,3.53,4.52,#N/A,,,,,,,
Denard Robinson,RB,4,4.55,-5.09,13.1,2.15,2.73,#N/A,,,,,,,
Maxx Williams,TE,4,2.2,-0.39,8.4,3.12,3.93,#N/A,,,,,,,
Brice Butler,WR,4,2.56,-1.11,9.12,3.25,2.8,#N/A,,,,,,,
Brent Celek,TE,3.98,1.51,0.96,7,3.67,4,#N/A,,,,,,,
Reggie Bush,RB,3.93,1.23,1.48,6.39,3.7,4.08,#N/A,,,,,,,
Ryan Grant,WR,3.92,1.92,0.08,7.77,3.31,3.65,#N/A,,,,,,,
Mychal Rivera,TE,3.9,1.56,0.79,7.02,3.59,3.78,#N/A,,,,,,,
Harry Douglas,WR,3.87,2.08,-0.28,8.02,3.46,2.98,#N/A,,,,,,,
Rashad Greene,WR,3.86,2.03,-0.19,7.91,3.33,3.51,#N/A,,,,,,,
C.J. Prosise,RB,3.85,2.24,-0.63,8.34,2.95,4.55,5.238062,,,,,,,
KaDeem Carey,RB,3.83,1.29,1.25,6.42,3.58,3.52,#N/A,,,,,,,
Andre Ellington,RB,3.79,1.08,1.63,5.94,3.63,3.64,#N/A,,,,,,,
Leonte Carroo,WR,3.79,2.37,-0.96,8.54,3.03,3.86,-0.5396766,,,,,,,
Josh Huff,WR,3.74,1.51,0.72,6.76,3.49,3.09,#N/A,,,,,,,
Breshad Perriman,WR,3.7,1.62,0.45,6.94,3.34,3.44,#N/A,,,,,,,
Brian Quick,WR,3.7,1.37,0.95,6.44,3.43,3.79,#N/A,,,,,,,
Brandon Coleman,WR,3.64,2.66,-1.68,8.97,2.55,3.32,#N/A,,,,,,,
Josh Bellamy,WR,3.64,2.65,-1.65,8.94,2.32,3.58,#N/A,,,,,,,
Robert Turbin,RB,3.57,1.3,0.96,6.18,3.3,3.5,#N/A,,,,,,,
Geno Smith,QB,3.5,3.86,-4.22,11.21,1.95,1.83,#N/A,,,,,,,
Josh Hill,TE,3.5,2.17,-0.84,7.83,3.58,2.98,10.4173,,,,,,,
Garrett Celek,TE,3.49,1.51,0.47,6.52,2.97,3.6,#N/A,,,,,,,
Mike Tolbert,RB,3.42,0.79,1.83,5.01,3.32,3.4,#N/A,,,,,,,
Mike Gillislee,RB,3.3,2.09,-0.88,7.47,3.45,3.5,#N/A,,,,,,,
Jordan Norwood,WR,3.25,0.67,1.91,4.59,3.17,3.34,#N/A,,,,,,,
Tyler Ervin,RB,3.22,0.96,1.31,5.13,3.05,3.49,#N/A,,,,,,,
Austin Hooper,TE,3.17,1.19,0.79,5.55,2.8,3.61,#N/A,,,,,,,
Anthony Fasano,TE,3.12,1.84,-0.56,6.8,2.7,2.5,#N/A,,,,,,,
Josh McCown,QB,3.04,3.79,-4.54,10.63,4.45,2.91,#N/A,,,,,,,
Blake Bell,TE,3,2.29,-1.58,7.59,2.14,2.5,#N/A,,,,,,,
Dwayne Harris,WR,2.99,1.45,0.09,5.88,2.49,3.23,#N/A,,,,,,,
Paul Richardson,WR,2.92,0.79,1.34,4.5,2.82,2.78,#N/A,,,,,,,
Kellen Davis,TE,2.88,1.49,-0.11,5.86,2.35,3.23,#N/A,,,,,,,
Marquise Goodwin,WR,2.88,2.02,-1.16,6.92,2.67,3,#N/A,,,,,,,
Jarius Wright,WR,2.87,1.42,0.03,5.71,2.48,2.6,#N/A,,,,,,,
Mike Davis,RB,2.86,2.84,-2.82,8.54,1.61,2.1,#N/A,,,,,,,
Andre Holmes,WR,2.85,1.77,-0.68,6.39,2.31,2.58,#N/A,,,,,,,
Ty Montgomery,WR,2.85,2.52,-2.19,7.89,1.75,2.15,#N/A,,,,,,,
Wendell Smallwood,RB,2.83,1.77,-0.72,6.38,2.29,2.62,#N/A,,,,,,,
Aaron Burbridge,WR,2.83,3.57,-4.31,9.97,1.42,1.32,#N/A,,,,,,,
Dennis Pitta,TE,2.77,1.81,-0.86,6.4,2.15,2.5,#N/A,,,,,,,
C.J. Fiedorowicz,TE,2.75,1.14,0.48,5.02,2.47,2.9,#N/A,,,,,,,
Knile Davis,RB,2.72,2.1,-1.48,6.92,2.04,1.61,#N/A,,,,,,,
Hunter Henry,TE,2.7,1.1,0.5,4.89,2.43,2.84,#N/A,,,,,,,
Zach Zenner,RB,2.68,1.89,-1.1,6.46,2.75,2.5,#N/A,,,,,,,
Jermaine Gresham,TE,2.68,1,0.68,4.68,2.41,2.76,#N/A,,,,,,,
Jordan Howard,RB,2.64,1.61,-0.58,5.86,2.85,2.77,#N/A,,,,,,,
Cameron Artis-Payne,RB,2.64,1.97,-1.31,6.58,2.57,1.91,#N/A,,,,,,,
Dion Sims,TE,2.64,1.35,-0.06,5.34,2.27,2.53,#N/A,,,,,,,
Paul Perkins,RB,2.63,2.07,-1.52,6.78,2.61,3.11,#N/A,,,,,,,
Kyle Juszczyk,RB,2.6,1.46,-0.32,5.52,2.98,2.77,#N/A,,,,,,,
Paxton Lynch,QB,2.59,3.32,-4.06,9.23,1.88,1.03,#N/A,,,,,,,
Tyler Higbee,TE,2.54,1.42,-0.31,5.38,2.12,2.52,#N/A,,,,,,,
Darrius Heyward-Bey,WR,2.54,1.14,0.27,4.81,2.32,2.3,#N/A,,,,,,,
Vernon Davis,TE,2.51,1.27,-0.03,5.06,2.08,2.79,#N/A,,,,,,,
Cody Latimer,WR,2.47,1.3,-0.12,5.07,2.1,2.13,#N/A,,,,,,,
Jeff Heuerman,TE,2.45,1.1,0.25,4.66,2.18,2.5,#N/A,,,,,,,
Corey Brown,WR,2.45,0.96,0.53,4.37,2.25,2.37,#N/A,,,,,,,
Demetrius Harris,TE,2.44,2.34,-2.23,7.11,1.39,1.38,#N/A,,,,,,,
Ed Dickson,TE,2.42,0.82,0.79,4.06,2.24,2.56,#N/A,,,,,,,
Keshawn Martin,WR,2.4,3.39,-4.39,9.19,7.2,0,#N/A,,,,,,,
Jamize Olawale,RB,2.39,1.63,-0.87,5.64,2.52,2.69,#N/A,,,,,,,
Marcedes Lewis,TE,2.37,0.72,0.93,3.82,2.28,2.37,#N/A,,,,,,,
Bradley Marquez,WR,2.37,2.11,-1.84,6.58,1.57,1.1,#N/A,,,,,,,
Gavin Escobar,TE,2.26,1.61,-0.95,5.48,1.79,1.72,#N/A,,,,,,,
Malcolm Mitchell,WR,2.25,0.89,0.47,4.03,2.04,2.42,#N/A,,,,,,,
Cecil Shorts,WR,2.23,1.52,-0.81,5.28,2.43,3.1,#N/A,,,,,,,
Rhett Ellison,TE,2.13,1.34,-0.54,4.8,1.68,1.67,#N/A,,,,,,,
Rashard Higgins,WR,2.08,1.45,-0.83,4.99,1.79,2.7,#N/A,,,,,,,
Adam Thielen,WR,2.02,1.25,-0.48,4.51,1.48,2.38,#N/A,,,,,,,
Josh Ferguson,RB,1.93,1.05,-0.17,4.02,1.45,2,#N/A,,,,,,,
Brandon Bolden,RB,1.91,1.56,-1.21,5.02,1.39,2.5,#N/A,,,,,,,
Justin Hunter,WR,1.87,1.73,-1.59,5.32,1.84,1.38,#N/A,,,,,,,
Khiry Robinson,RB,1.83,1.32,-0.82,4.48,2.72,2.38,#N/A,,,,,,,
C.J. Uzomah,TE,1.79,1.81,-1.84,5.42,1.22,1.2,#N/A,,,,,,,
Lee Smith,TE,1.71,1.86,-2,5.42,1.09,0.75,#N/A,,,,,,,
Kenjon Barner,RB,1.7,1.3,-0.91,4.31,0.93,1.6,#N/A,,,,,,,
Matt Asiata,RB,1.69,1.37,-1.06,4.43,2.15,1.58,#N/A,,,,,,,
Mark Sanchez,QB,1.65,1.3,-0.95,4.24,1.69,1.67,#N/A,,,,,,,
Bryan Walters,WR,1.6,1.43,-1.27,4.46,0.97,1.2,#N/A,,,,,,,
Jordan Todman,RB,1.54,1.57,-1.61,4.69,0.69,1.36,#N/A,,,,,,,
Robby Anderson,WR,1.53,1.54,-1.55,4.62,0.83,1.4,#N/A,,,,,,,
DeAnthony Thomas,WR,1.53,1.02,-0.52,3.58,1.19,1.3,#N/A,,,,,,,
Orleans Darkwa,RB,1.51,1.36,-1.22,4.23,1.18,1.42,#N/A,,,,,,,
Greg Salas,WR,1.5,1.05,-0.6,3.59,1.61,1.25,#N/A,,,,,,,
Taiwan Jones,RB,1.48,1.38,-1.28,4.23,0.59,1.19,#N/A,,,,,,,
Cole Wick,TE,1.48,1.66,-1.84,4.8,1.58,0.78,#N/A,,,,,,,
Cordarrelle Patterson,WR,1.4,2.06,-2.72,5.51,0.43,0.6,#N/A,,,,,,,
Patrick DiMarco,RB,1.36,0.93,-0.5,3.23,1.15,1.04,#N/A,,,,,,,
Kenyan Drake,RB,1.35,1.42,-1.48,4.18,1.25,0.67,#N/A,,,,,,,
Antonio Andrews,RB,1.32,1.72,-2.13,4.77,0.72,0.57,#N/A,,,,,,,
Ronnie Hillman,RB,1.3,1.84,-2.38,4.98,3.9,0,#N/A,,,,,,,
Jaron Brown,WR,1.29,0.97,-0.64,3.22,0.98,0.74,#N/A,,,,,,,
Jim Dray,TE,1.28,1.32,-1.36,3.91,0.86,0.7,#N/A,,,,,,,
James OShaughnessy,TE,1.26,2.1,-2.94,5.45,0.99,0.39,#N/A,,,,,,,
Brian Hoyer,QB,1.24,1.61,-1.99,4.47,1.22,0.2,#N/A,,,,,,,
Nick Foles,QB,1.14,1.27,-1.39,3.68,0.72,0.64,#N/A,,,,,,,
Michael Burton,RB,1.13,1.55,-1.97,4.22,0.78,0.57,#N/A,,,,,,,
Colt McCoy,QB,1.12,1.19,-1.26,3.5,0.78,0.32,#N/A,,,,,,,
Jonathan Grimes,RB,1.11,1.24,-1.37,3.59,0.74,0.86,#N/A,,,,,,,
Zach Line,RB,1.1,0.98,-0.87,3.06,0.57,0.7,#N/A,,,,,,,
Jakeem Grant,WR,1.1,1.23,-1.36,3.56,0.87,0.6,#N/A,,,,,,,
Chris Moore,WR,1.1,0.83,-0.55,2.75,0.71,1.14,#N/A,,,,,,,
Ricardo Louis,WR,1.09,0.78,-0.47,2.65,0.87,0.71,#N/A,,,,,,,
Trey Burton,TE,1.08,1.21,-1.35,3.5,0.37,0.3,#N/A,,,,,,,
Khari Lee,TE,1.08,1.08,-1.08,3.23,2.15,1.08,#N/A,,,,,,,
Mike Glennon,QB,1.07,1.23,-1.4,3.54,0.68,0.24,#N/A,,,,,,,
Luke Stocker,TE,1.02,1.35,-1.68,3.72,0.45,0.52,#N/A,,,,,,,
Tyreek Hill,WR,1.02,0.98,-0.94,2.97,0.49,0.62,#N/A,,,,,,,
Fozzy Whittaker,RB,0.99,0.64,-0.29,2.27,1.02,1.24,#N/A,,,,,,,
Matt Cassel,QB,0.95,1.12,-1.3,3.19,0.7,0.32,#N/A,,,,,,,
Jace Amaro,TE,0.95,0.92,-0.9,2.79,0.4,0.41,#N/A,,,,,,,
E.J. Manuel,QB,0.94,1.08,-1.21,3.1,0.53,0.39,#N/A,,,,,,,
Charone Peake,WR,0.94,0.67,-0.4,2.27,1.14,1.06,#N/A,,,,,,,
Nelson Spruce,WR,0.92,0.85,-0.77,2.61,0.49,0.96,#N/A,,,,,,,
Darius Jackson,RB,0.87,0.86,-0.85,2.58,0.3,0.79,#N/A,,,,,,,
Jalin Marshall,WR,0.87,0.91,-0.95,2.68,1.18,0.43,#N/A,,,,,,,
AJ McCarron,QB,0.84,0.94,-1.05,2.72,0.4,0.17,#N/A,,,,,,,
Jalston Fowler,RB,0.82,0.71,-0.6,2.25,0.84,0.54,#N/A,,,,,,,
Randall Telfer,TE,0.82,0.55,-0.29,1.92,0.93,0.8,#N/A,,,,,,,
Lucky Whitehead,WR,0.81,0.49,-0.17,1.78,0.88,0.92,#N/A,,,,,,,
Keith Mumphery,WR,0.78,0.41,-0.05,1.61,0.69,0.64,#N/A,,,,,,,
Terron Ward,RB,0.77,0.47,-0.16,1.7,0.93,0.71,#N/A,,,,,,,
Alex Collins,RB,0.76,0.79,-0.82,2.34,0.39,0.53,#N/A,,,,,,,
DuJuan Harris,RB,0.76,0.76,-0.76,2.27,1.51,0.75,#N/A,,,,,,,
Trevor Davis,WR,0.74,0.53,-0.32,1.8,0.84,0.65,#N/A,,,,,,,
Taylor Gabriel,WR,0.71,0.68,-0.65,2.06,0.82,0.64,#N/A,,,,,,,
Matt McGloin,QB,0.69,0.74,-0.78,2.16,0.51,0.36,#N/A,,,,,,,
Ryan Mallett,QB,0.68,0.83,-0.99,2.35,0.49,0.36,#N/A,,,,,,,
Andre Williams,RB,0.68,0.7,-0.71,2.08,1.35,0.58,#N/A,,,,,,,
Damien Williams,RB,0.68,0.76,-0.84,2.2,0.96,0.6,#N/A,,,,,,,
Levine Toilolo,TE,0.68,0.63,-0.58,1.94,0.59,0.53,#N/A,,,,,,,
Landry Jones,QB,0.67,0.44,-0.21,1.55,0.76,0.78,#N/A,,,,,,,
Clay Harbor,TE,0.67,0.53,-0.39,1.74,0.65,0.7,#N/A,,,,,,,
Brandon Williams,TE,0.65,0.93,-1.21,2.51,0.38,0.18,#N/A,,,,,,,
Aaron Ripkowski,RB,0.64,0.5,-0.35,1.64,0.25,0.68,#N/A,,,,,,,
Daryl Richardson,RB,0.64,1.11,-1.58,2.85,0.25,0.15,#N/A,,,,,,,
Drew Stanton,QB,0.62,0.58,-0.54,1.77,0.5,0.42,#N/A,,,,,,,
Rex Burkhead,RB,0.62,0.61,-0.6,1.83,0.55,0.39,#N/A,,,,,,,
Nick Williams,WR,0.58,0.58,-0.58,1.74,1.16,0.58,#N/A,,,,,,,
Brandon Myers,TE,0.57,0.6,-0.63,1.78,1.12,0.45,#N/A,,,,,,,
Griff Whalen,WR,0.55,0.45,-0.34,1.45,0.78,0.56,#N/A,,,,,,,
Dwayne Washington,RB,0.54,0.3,-0.06,1.15,0.66,0.63,#N/A,,,,,,,
Demarcus Robinson,WR,0.53,0.34,-0.14,1.21,0.69,0.62,#N/A,,,,,,,
Cory Harkey,TE,0.52,0.63,-0.73,1.78,0.46,0.25,#N/A,,,,,,,
Deonte Thompson,WR,0.52,0.21,0.1,0.93,0.46,0.58,#N/A,,,,,,,
Matt Schaub,QB,0.51,0.77,-1.04,2.05,0.52,0.2,#N/A,,,,,,,
Travaris Cadet,RB,0.5,0.7,-0.91,1.9,1.49,0,#N/A,,,,,,,
Cameron Meredith,WR,0.5,0.46,-0.43,1.43,0.36,0.43,#N/A,,,,,,,
Brenton Bersin,WR,0.47,0.3,-0.13,1.08,0.5,0.54,#N/A,,,,,,,
Jordan Payton,WR,0.47,0.28,-0.09,1.04,0.26,0.56,#N/A,,,,,,,
Devin Street,WR,0.47,0.34,-0.21,1.15,0.69,0.6,#N/A,,,,,,,
Jalen Richard,RB,0.46,0.67,-0.89,1.8,1.33,0,#N/A,,,,,,,
Troy Niklas,TE,0.46,0.33,-0.19,1.12,0.53,0.41,#N/A,,,,,,,
Rashad Ross,WR,0.46,0.26,-0.07,0.99,0.51,0.55,#N/A,,,,,,,
Roger Lewis,WR,0.45,0.56,-0.66,1.56,0.57,0.25,#N/A,,,,,,,
David Johnson,TE,0.44,0.24,-0.04,0.93,0.37,0.38,10.0687106,,,,,,,
Trevone Boykin,QB,0.43,0.54,-0.65,1.51,0.51,0.16,#N/A,,,,,,,
Dan Orlovsky,QB,0.42,0.52,-0.62,1.46,0.32,0.24,#N/A,,,,,,,
Stepfan Taylor,RB,0.42,0.35,-0.29,1.13,0.34,0.43,#N/A,,,,,,,
Chad Henne,QB,0.4,0.39,-0.38,1.18,0.39,0.35,#N/A,,,,,,,
Anthony Sherman,RB,0.4,0.41,-0.42,1.22,0.28,0.21,#N/A,,,,,,,
Daniel Lasco,RB,0.39,0.4,-0.4,1.18,0.77,0.34,#N/A,,,,,,,
Jonathan Williams,RB,0.38,0.35,-0.32,1.07,0.18,0.21,#N/A,,,,,,,
Malcolm Johnson,RB,0.37,0.29,-0.21,0.95,0.23,0.3,#N/A,,,,,,,
John Kuhn,RB,0.37,0.42,-0.46,1.2,0.41,0.25,#N/A,,,,,,,
Chase Daniel,QB,0.36,0.48,-0.6,1.32,0.43,0.17,#N/A,,,,,,,
James Develin,RB,0.36,0.32,-0.28,1.01,0.58,0.38,#N/A,,,,,,,
Mike James,RB,0.34,0.24,-0.15,0.82,0.5,0.44,#N/A,,,,,,,
Jerell Adams,TE,0.34,0.35,-0.36,1.04,0.67,0.28,#N/A,,,,,,,
Alex Erickson,WR,0.34,0.53,-0.72,1.39,0.29,0.16,#N/A,,,,,,,
Ryan Nassib,QB,0.32,0.27,-0.21,0.86,0.33,0.2,#N/A,,,,,,,
Tom Savage,QB,0.31,0.5,-0.68,1.31,0.29,0.09,#N/A,,,,,,,
Nick OLeary,TE,0.31,0.24,-0.17,0.79,0.15,0.42,#N/A,,,,,,,
Russell Shepard,WR,0.31,0.1,0.11,0.5,0.29,0.31,#N/A,,,,,,,
Scott Tolzien,QB,0.3,0.34,-0.38,0.99,0.25,0.12,#N/A,,,,,,,
George Atkinson,RB,0.3,0.37,-0.44,1.04,0.28,0.11,#N/A,,,,,,,
Phillip Supernaw,TE,0.29,0.44,-0.6,1.17,0.58,0,#N/A,,,,,,,
John Phillips,TE,0.28,0.15,-0.01,0.57,0.35,0.33,#N/A,,,,,,,
Sean McGrath,TE,0.28,0.37,-0.46,1.02,0.44,0.11,#N/A,,,,,,,
Bobby Rainey,RB,0.27,0.27,-0.26,0.8,0.41,0.29,#N/A,,,,,,,
Corey Grant,RB,0.27,0.34,-0.41,0.94,0.2,0.13,#N/A,,,,,,,
Cody Kessler,QB,0.26,0.52,-0.78,1.29,1.29,0,#N/A,,,,,,,
Jay Prosch,RB,0.26,0.14,-0.03,0.54,0.22,0.23,#N/A,,,,,,,
MarQueis Gray,TE,0.24,0.22,-0.2,0.69,0.27,0.18,#N/A,,,,,,,
Andre Caldwell,WR,0.24,0.48,-0.72,1.2,1.2,0,#N/A,,,,,,,
Eric Weems,WR,0.24,0.33,-0.42,0.9,0.21,0.12,#N/A,,,,,,,
Cody Core,WR,0.24,0.22,-0.21,0.69,0.37,0.21,#N/A,,,,,,,
Kellen Clemens,QB,0.23,0.22,-0.22,0.67,0.22,0.17,#N/A,,,,,,,
Stephen Anderson,TE,0.22,0.39,-0.55,1,0.9,0,#N/A,,,,,,,
Sean Mannion,QB,0.21,0.14,-0.06,0.48,0.25,0.18,#N/A,,,,,,,
DeAndrew White,WR,0.2,0.28,-0.37,0.77,0.6,0,#N/A,,,,,,,
Andy Janovich,RB,0.18,0.2,-0.22,0.58,0.12,0.11,#N/A,,,,,,,
Luke McCown,QB,0.17,0.21,-0.25,0.59,0.1,0.07,#N/A,,,,,,,
Marcus Murphy,RB,0.16,0.2,-0.23,0.55,0.4,0,#N/A,,,,,,,
Asante Cleveland,TE,0.16,0.22,-0.29,0.6,0.47,0,#N/A,,,,,,,
Frankie Hammond,WR,0.16,0.12,-0.09,0.41,0.23,0.18,#N/A,,,,,,,
Geoff Swaim,TE,0.15,0.26,-0.37,0.67,0.6,0,#N/A,,,,,,,
Derek Anderson,QB,0.14,0.15,-0.17,0.44,0.14,0.06,#N/A,,,,,,,
David Morgan,TE,0.14,0.16,-0.18,0.46,0.25,0.08,#N/A,,,,,,,
Raheem Mostert,RB,0.13,0.19,-0.24,0.51,0.4,0,#N/A,,,,,,,
Brett Hundley,QB,0.12,0.13,-0.14,0.38,0.08,0.1,#N/A,,,,,,,
Jacoby Brissett,QB,0.11,0.14,-0.18,0.4,0.25,0,#N/A,,,,,,,
Roosevelt Nix,RB,0.11,0.08,-0.05,0.26,0.16,0.15,#N/A,,,,,,,
Temarrick Hemingway,TE,0.11,0.16,-0.21,0.44,0.25,0,#N/A,,,,,,,
Logan Paulsen,TE,0.11,0.17,-0.22,0.45,0.14,0.02,#N/A,,,,,,,
Walt Powell,WR,0.1,0.2,-0.3,0.51,0.1,0,#N/A,,,,,,,
Matt Moore,QB,0.09,0.06,-0.03,0.21,0.11,0.1,#N/A,,,,,,,
Tommy Bohanon,RB,0.07,0.09,-0.12,0.26,0.2,0,#N/A,,,,,,,
Rod Smith,RB,0.06,0.08,-0.11,0.22,0.08,0.02,#N/A,,,,,,,
Brandon Tate,WR,0.04,0.08,-0.12,0.2,0.2,0,#N/A,,,,,,,
Zach Mettenberger,QB,0.03,0.06,-0.09,0.15,0.15,0,#N/A,,,,,,,
Jerome Felton,RB,0.03,0.05,-0.06,0.13,0.1,0,#N/A,,,,,,,
Matt Slater,WR,0.03,0.05,-0.06,0.13,0.1,0,#N/A,,,,,,,
Dri Archer,RB,0.01,0.01,-0.02,0.03,0.03,0,#N/A,,,,,,,
Christian Hackenberg,QB,0,0.01,-0.01,0.02,0.02,0,#N/A,,,,,,,
Bryce Petty,QB,0,0.01,-0.01,0.02,0.02,0,#N/A,,,,,,,
Brandon Weeden,QB,0,0.01,-0.01,0.02,0.01,0,#N/A,,,,,,,
Austin Davis,QB,0,0,0,0,0,0,#N/A,,,,,,,
Ryan Griffin,QB,0,0,0,0,,0,#N/A,,,,,,,
Stephen Morris,QB,0,0,0,0,,0,#N/A,,,,,,,
Keith Wenning,QB,0,0,0,0,,0,#N/A,,,,,,,
Matt Simms,QB,0,0,0,0,,0,#N/A,,,,,,,
Connor Cook,QB,0,0,0,0,,0,#N/A,,,,,,,
Christian Ponder,QB,0,0,0,0,,0,#N/A,,,,,,,
Aaron Murray,QB,0,0,0,0,,0,#N/A,,,,,,,
Logan Thomas,QB,0,0,0,0,,0,#N/A,,,,,,,
Jerrod Johnson,QB,0,0,0,0,,0,#N/A,,,,,,,
David Fales,QB,0,0,0,0,,0,#N/A,,,,,,,
Jared Goff,QB,0,0,0,0,,0,#N/A,,,,,,,
Josh Johnson,QB,0,0,0,0,,0,#N/A,,,,,,,
Cardale Jones,QB,0,0,0,0,,0,#N/A,,,,,,,
Jeff Driskel,QB,0,0,0,0,,0,#N/A,,,,,,,
Marshaun Coprich,RB,0,0,0,0,,0,#N/A,,,,,,,
Antone Smith,RB,0,0,0,0,,0,#N/A,,,,,,,
Dan Herron,RB,0,0,0,0,,0,#N/A,,,,,,,
Stevan Ridley,RB,0,0,0,0,,0,#N/A,,,,,,,
Chase Reynolds,RB,0,0,0,0,,0,#N/A,,,,,,,
Austin Johnson,RB,0,0,0,0,,0,#N/A,,,,,,,
David Cobb,RB,0,0,0,0,,0,#N/A,,,,,,,
Will Tukuafu,RB,0,0,0,0,,0,#N/A,,,,,,,
Joey Iosefa,RB,0,0,0,0,,0,#N/A,,,,,,,
Dexter McCluster,RB,0,0,0,0,,0,#N/A,,,,,,,
Jacquizz Rodgers,RB,0,0,0,0,,0,#N/A,,,,,,,
Joe Banyard,RB,0,0,0,0,,0,#N/A,,,,,,,
Joique Bell,RB,0,0,0,0,,0,#N/A,,,,,,,
Bishop Sankey,RB,0,0,0,0,,0,#N/A,,,,,,,
Kerwynn Williams,RB,0,0,0,0,,0,#N/A,,,,,,,
Brandon Wegher,RB,0,0,0,0,,0,#N/A,,,,,,,
Juwan Thompson,RB,0,0,0,0,,0,#N/A,,,,,,,
Trent Richardson,RB,0,0,0,0,,0,#N/A,,,,,,,
Brandon Wilds,RB,0,0,0,0,,0,#N/A,,,,,,,
Ifeanyi Momah,TE,0,0,0,0,,0,#N/A,,,,,,,
Nic Jacobs,TE,0,0,0,0,,0,#N/A,,,,,,,
Marcel Jensen,TE,0,0,0,0,,0,#N/A,,,,,,,
Jerome Cunningham,TE,0,0,0,0,,0,#N/A,,,,,,,
Mitchell Henry,TE,0,0,0,0,,0,#N/A,,,,,,,
Brian Parker,TE,0,0,0,0,,0,#N/A,,,,,,,
Tony Moeaki,TE,0,0,0,0,,0,#N/A,,,,,,,
Chase Coffman,TE,0,0,0,0,,0,#N/A,,,,,,,
Rob Housler,TE,0,0,0,0,,0,#N/A,,,,,,,
Jonathan Krause,WR,0,0,0,0,,0,#N/A,,,,,,,
Rueben Randle,WR,0,0,0,0,,0,#N/A,,,,,,,
Riley Cooper,WR,0,0,0,0,,0,#N/A,,,,,,,
Marlon Brown,WR,0,0,0,0,,0,#N/A,,,,,,,
Dwayne Bowe,WR,0,0,0,0,,0,#N/A,,,,,,,
Aaron Dobson,WR,0,0,0,0,,0,#N/A,,,,,,,
Brittan Golden,WR,0,0,0,0,,0,#N/A,,,,,,,
Nick Toon,WR,0,0,0,0,,0,#N/A,,,,,,,
T.J. Jones,WR,0,0,0,0,,0,#N/A,,,,,,,
Vince Mayle,WR,0,0,0,0,,0,#N/A,,,,,,,
Kain Colter,WR,0,0,0,0,,0,#N/A,,,,,,,
Chris Givens,WR,0,0,0,0,,0,#N/A,,,,,,,
James Jones,WR,0,0,0,0,,0,#N/A,,,,,,,
Jeremy Ross,WR,0,0,0,0,,0,#N/A,,,,,,,
Devon Cajuste,WR,0,0,0,0,,0,#N/A,,,,,,,
Anthony Dable,WR,0,0,0,0,,0,#N/A,,,,,,,
Chris Harper,WR,0,0,0,0,,0,#N/A,,,,,,,
Geremy Davis,WR,0,0,0,0,,0,#N/A,,,,,,,
Vincent Brown,WR,0,0,0,0,,0,#N/A,,,,,,,
Corey Washington,WR,0,0,0,0,,0,#N/A,,,,,,,
Jerome Simpson,WR,0,0,0,0,,0,#N/A,,,,,,,
Darius Jennings,WR,0,0,0,0,,0,#N/A,,,,,,,
Evan Spencer,WR,0,0,0,0,,0,#N/A,,,,,,,
