player,position,Fantasy Points,FP deviation,Floor,Ceiling,Geometric mean,Median,New Projections,,Week,Name,Pos,DK points,New Predicted,Average Projection
Broncos,DST,10.25,2.46,5.33,15.17,9.97,9.8,#N/A,,6,David Johnson,RB,37.801,14.6548806,19.07833333
Cardinals,DST,9.93,3.85,2.22,17.63,9.2,9.2,#N/A,,6,Benny Cunningham,RB,4.301,5.7949134,4.18
Bears,DST,9.58,6.39,-3.21,22.37,8.04,6.4,#N/A,,6,Dion Sims,TE,2.201,15.54325,5.37
Texans,DST,9.24,3.59,2.06,16.42,8.67,7.5,#N/A,,6,Crockett Gillmore,TE,0.001,10.98685,5.021666667
Titans,DST,9.24,6.69,-4.13,22.61,7.35,7.8,#N/A,,6,Albert Wilson,WR,3.601,5.7394833,4.486666667
Colts,DST,9.04,6.61,-4.18,22.26,7.35,6.6,#N/A,,6,Darren Fells,TE,1.801,14.9737,4.326666667
Panthers,DST,8.94,2.25,4.44,13.44,8.67,7.7,#N/A,,6,Andre Johnson,WR,0.001,6.9125472,7.2
Eagles,DST,8.92,2.57,3.79,14.05,8.62,8,#N/A,,6,Vernon Davis,TE,13.001,10.4173,4.891666667
Chiefs,DST,8.74,4.13,0.47,17.01,7.83,6.1,#N/A,,6,Jaelen Strong,WR,4.601,6.14517,6.051666667
Steelers,DST,8.52,2.79,2.93,14.11,8.16,7.4,#N/A,,6,Kamar Aiken,WR,10.401,4.3922933,6.873333333
Lions,DST,8.4,3.9,0.6,16.2,7.7,6.9,#N/A,,6,Ricardo Louis,WR,11.501,3.8670772,4.24
Patriots,DST,8.38,3.02,2.34,14.42,7.91,7.4,#N/A,,6,Jamaal Charles,RB,12.701,12.2241694,13.49833333
Jets,DST,8.38,4.66,-0.95,17.7,7.2,7.05,#N/A,,6,Breshad Perriman,WR,7.801,5.0350067,7.635
Chargers,DST,8.25,4.66,-1.07,17.57,7.17,6.25,#N/A,,6,Mike Gillislee,RB,12.001,10.232474,5.663333333
Packers,DST,8.2,4.12,-0.05,16.45,7.39,5.8,#N/A,,6,Will Tye,TE,3.501,10.98685,6.015
Ravens,DST,7.98,4.12,-0.26,16.22,7.18,6.3,#N/A,,6,Shaun Draughn,RB,0.201,5.4853438,4.118333333
Jaguars,DST,7.9,4.25,-0.61,16.41,6.97,7.1,#N/A,,6,Brice Butler,WR,9.001,3.47379,7.086666667
Raiders,DST,7.82,3.35,1.12,14.52,7.21,7,#N/A,,6,Larry Donnell,TE,9.401,10.98685,5.36
Bills,DST,7.76,3.25,1.26,14.26,7.23,6,#N/A,,6,Tyler Lockett,WR,5.501,6.3089825,7.283333333
Seahawks,DST,7.7,3.27,1.17,14.23,7.15,6.6,#N/A,,6,Quinton Patton,WR,9.201,5.8843734,5.541666667
Giants,DST,7.66,3.77,0.11,15.21,6.96,5.7,#N/A,,6,Chris Ivory,RB,11.501,7.578112,6.703333333
Redskins,DST,7.58,3.32,0.94,14.22,7.01,6.7,#N/A,,6,C.J. Fiedorowicz,TE,20.501,7,4.71
Browns,DST,7.4,4.41,-1.43,16.23,6.44,6.2,#N/A,,6,Jermaine Kearse,WR,6.501,6.613475,7.395
Saints,DST,7.04,3.83,-0.62,14.7,6.07,5.7,#N/A,,6,Devin Funchess,WR,12.801,7.4743599,5.656666667
Falcons,DST,6.74,3.79,-0.83,14.31,5.92,5.6,#N/A,,6,DeAndre Washington,RB,4.901,7.6197866,8.25
Cowboys,DST,6.58,3.72,-0.86,14.02,5.86,4.9,#N/A,,6,John Brown,WR,10.401,5.9965177,13.35
Bengals,DST,6.54,3.31,-0.08,13.16,5.92,5,#N/A,,6,Virgil Green,TE,5.101,10.4173,6.273333333
49ers,DST,6.02,4.12,-2.22,14.26,5.02,3.6,#N/A,,6,Ryan Griffin,TE,6.101,7,3.721666667
Dolphins,DST,5.84,3.65,-1.46,13.14,5.03,4.5,#N/A,,6,Derrick Henry,RB,4.701,9.828131,5.281666667
Cam Newton,QB,25.17,1.77,21.64,28.7,25.11,24.82,23.760737,,6,Zach Ertz,TE,3.201,10.4173,11.095
Drew Brees,QB,22.87,2.99,16.89,28.84,22.67,23.09,26.5740271,,6,Bobby Rainey,RB,4.901,7.3188974,7.023333333
Ben Roethlisberger,QB,22.77,1.79,19.19,26.36,22.7,22.89,20.8651499,,6,Tyler Boyd,WR,11.901,6.147064,6.985
Aaron Rodgers,QB,21.47,2.91,15.64,27.29,21.29,20.66,22.7066658,,6,Tajae Sharpe,WR,0.101,9.1957725,7.888333333
Tom Brady,QB,21.46,3.47,14.52,28.4,21.2,18.96,30.365344,,6,Dorial Green-Beckham,WR,3.301,7.06358,5.13
Russell Wilson,QB,20.14,1.46,17.22,23.06,20.09,20.58,19.420969,,6,Clive Walford,TE,4.501,9.2782,7.548333333
Carson Palmer,QB,19.76,4.23,11.3,28.22,19.23,20.58,20.650626,,6,Torrey Smith,WR,16.601,6.8475066,7.261666667
Blake Bortles,QB,18.96,1.57,15.82,22.11,18.89,19.2,19.4690438,,6,Vance McDonald,TE,4.501,15.54325,4.795
Matthew Stafford,QB,18.47,1.95,14.56,22.38,18.36,19.07,19.570256,,6,Jalen Richard,RB,3.301,6.844587,6.031666667
Tyrod Taylor,QB,18.28,2.05,14.18,22.39,18.17,18.25,14.9180888,,6,C.J. Uzomah,TE,1.601,15.54325,5.601666667
Andrew Luck,QB,18.27,2.21,13.85,22.68,18.13,18.2,18.5588079,,6,Arian Foster,RB,3.501,10.115102,10.09666667
Derek Carr,QB,17.79,2.69,12.42,23.16,17.6,17.08,21.0442154,,6,Rob Gronkowski,TE,32.201,15.54325,14.07833333
Marcus Mariota,QB,17.61,0.96,15.69,19.53,17.58,17.29,20.6032994,,6,Danny Amendola,WR,5.001,8.10228,5.946666667
Alex Smith,QB,17.21,2.23,12.76,21.66,17.06,17.71,18.2557427,,6,Nelson Agholor,WR,6.401,7.8262166,6.62
Andy Dalton,QB,17,3.17,10.67,23.34,16.73,16.82,18.6151472,,6,Marquise Goodwin,WR,4.201,9.813494,7.398333333
Brock Osweiler,QB,16.77,1.58,13.62,19.93,16.69,17.07,16.9660552,,6,Charles Clay,TE,10.201,15.54325,8.583333333
Philip Rivers,QB,16.69,3.38,9.93,23.44,16.37,16.07,14.9256439,,6,Chris Conley,WR,5.601,9.7812699,7.071666667
Ryan Tannehill,QB,16.48,1.86,12.77,20.2,16.38,16.61,18.6006309,,6,Phillip Dorsett,WR,3.201,6.2256033,8.755
Joe Flacco,QB,16.42,2.87,10.68,22.17,16.2,15.57,17.2538858,,6,Dontrelle Inman,WR,2.101,5.6212497,6.346666667
Eli Manning,QB,16.25,1.39,13.46,19.04,16.19,16.02,14.638874,,6,Andrew Hawkins,WR,7.801,7.15747,6.688333333
Matt Ryan,QB,16.17,1.35,13.48,18.86,16.11,16.03,23.615372,,6,Lance Kendricks,TE,14.401,10.4173,5.785
Ryan Fitzpatrick,QB,16.09,1.85,12.39,19.79,15.98,15.69,10.299288,,6,Robert Woods,WR,16.001,10.619228,9.671666667
Carson Wentz,QB,15.92,2.42,11.08,20.77,15.72,17.2,15.2626051,,6,Devontae Booker,RB,7.301,10.5636986,7.2
Dak Prescott,QB,15.41,1.71,11.99,18.83,15.32,14.72,19.2584933,,6,Jesse James,TE,3.301,15.54325,7.428333333
Brian Hoyer,QB,15.18,5,5.18,25.19,13.71,16.8,17.200955,,6,Eli Rogers,WR,7.501,8.8420925,4.778333333
Trevor Siemian,QB,14.78,3.71,7.36,22.21,14.08,15.84,16.3413091,,6,James White,RB,26.601,11.170916,9.861666667
Kirk Cousins,QB,13.5,5.29,2.91,24.08,15.35,14.84,15.5823128,,6,Bilal Powell,RB,5.201,7.738966,7.938333333
Case Keenum,QB,12.55,3.48,5.6,19.5,11.87,13.3,16.1764491,,6,Fozzy Whittaker,RB,1.301,11.1916282,5.053333333
Colin Kaepernick,QB,12.27,6.58,-0.9,25.44,12.52,13.66,12.526192,,6,Mohamed Sanu,WR,15.701,6.96864,7.525
Cody Kessler,QB,9.4,4.52,0.36,18.44,11.1,11.87,13.6981008,,6,Dwayne Allen,TE,1.901,7,8.546666667
Jay Cutler,QB,7.45,11,-14.55,29.45,2.37,0.28,#N/A,,6,Terrance Williams,WR,11.501,7.0874133,8.47
Blaine Gabbert,QB,6.99,7.77,-8.54,22.52,1.73,1.63,#N/A,,6,Chris Thompson,RB,9.601,6.232618,5.676666667
Geno Smith,QB,3.8,5.73,-7.67,15.26,1.05,0.28,#N/A,,6,Rashad Jennings,RB,7.501,9.455878,9.175
Jimmy Garoppolo,QB,3.39,6.46,-9.53,16.3,0.5,0.11,#N/A,,6,Seth Roberts,WR,5.901,8.9604297,6.775
Chad Henne,QB,2.56,5.43,-8.31,13.42,0.33,0.11,#N/A,,6,Jaron Brown,WR,7.501,8.9009077,5.896666667
Paxton Lynch,QB,2.06,3.53,-5,9.11,0.5,0.1,#N/A,,6,Antonio Gates,TE,3.601,10.4173,7.893333333
Mark Sanchez,QB,0.91,0.93,-0.95,2.77,0.71,0.32,#N/A,,6,Victor Cruz,WR,6.101,6.5645399,8.263333333
Matt McGloin,QB,0.51,0.75,-1,2.02,0.23,0.09,#N/A,,6,Jacob Tamme,TE,3.601,14.9737,6.581666667
Colt McCoy,QB,0.5,1.23,-1.96,2.96,0.35,0.12,#N/A,,6,Chris Hogan,WR,4.901,9.938604,7.581666667
AJ McCarron,QB,0.5,0.72,-0.95,1.94,0.31,0.13,#N/A,,6,Hunter Henry,TE,20.301,10.4173,8.286666667
Landry Jones,QB,0.48,0.48,-0.47,1.43,0.3,0.36,#N/A,,6,Jason Witten,TE,8.201,12.6955,8.548333333
Nick Foles,QB,0.45,0.57,-0.7,1.59,0.33,0.19,#N/A,,6,Gary Barnidge,TE,8.901,15.54325,9.861666667
Dan Orlovsky,QB,0.38,0.54,-0.71,1.46,0.18,0.1,#N/A,,6,Eddie Lacy,RB,8.101,10.753009,11.795
Tom Savage,QB,0.34,0.49,-0.64,1.32,0.17,0.1,#N/A,,6,T.J. Yeldon,RB,3.601,11.6161314,10.285
Matt Cassel,QB,0.32,0.42,-0.51,1.16,0.24,0.11,#N/A,,6,Michael Floyd,WR,10.201,9.4949023,9.641666667
Scott Tolzien,QB,0.26,0.35,-0.45,0.97,0.11,0.1,#N/A,,6,Jeremy Hill,RB,5.101,7.466638,7.545
E.J. Manuel,QB,0.23,0.15,-0.07,0.53,0.18,0.21,#N/A,,6,Marqise Lee,WR,12.101,8.9349834,7.511666667
Ryan Mallett,QB,0.23,0.22,-0.22,0.67,0.22,0.13,#N/A,,6,Kenny Stills,WR,3.201,11.1306166,8.576666667
Kellen Clemens,QB,0.22,0.25,-0.28,0.71,0.11,0.1,#N/A,,6,Julius Thomas,TE,4.801,9.84775,9.466666667
Jared Goff,QB,0.2,0.16,-0.13,0.53,0.22,0.2,#N/A,,6,Ryan Mathews,RB,6.001,13.5892606,13.58833333
Drew Stanton,QB,0.2,0.23,-0.26,0.67,0.22,0.1,#N/A,,6,Julian Edelman,WR,7.801,10.950456,15.6
Trevone Boykin,QB,0.14,0.24,-0.34,0.63,0.1,0.02,#N/A,,6,Rishard Matthews,WR,16.001,12.9087072,6.846666667
Matt Moore,QB,0.11,0.12,-0.13,0.34,0.07,0.07,#N/A,,6,Pierre Garcon,WR,13.701,9.11705,9.505
Sean Mannion,QB,0.1,0.14,-0.18,0.39,0.24,0,#N/A,,6,DeVante Parker,WR,7.801,11.539105,10.93333333
Luke McCown,QB,0.08,0.12,-0.15,0.31,0.05,0.02,#N/A,,6,Brian Quick,WR,11.101,11.0310001,6.716666667
Brett Hundley,QB,0.08,0.11,-0.13,0.29,0.04,0.01,#N/A,,6,Anquan Boldin,WR,20.001,9.9681175,10.815
Matt Schaub,QB,0.06,0.08,-0.11,0.23,0.1,0.06,#N/A,,6,Dennis Pitta,TE,9.601,10.98685,10.68166667
Chase Daniel,QB,0.06,0.08,-0.1,0.21,0.07,0.02,#N/A,,6,Jack Doyle,TE,15.301,7,4.788333333
Zach Mettenberger,QB,0.03,0.06,-0.09,0.15,0.15,0,#N/A,,6,Darren Sproles,RB,3.401,12.3784858,10.37666667
Bryce Petty,QB,0,0.01,-0.01,0.02,0.02,0,#N/A,,6,DeSean Jackson,WR,9.501,9.829094,12.88833333
Kevin Hogan,QB,0,0,0,0.01,0.01,0,#N/A,,6,Coby Fleener,TE,25.601,10.4173,10.335
Charlie Whitehurst,QB,0,0,0,0.01,0,0,#N/A,,6,Sammie Coates,WR,0.001,11.6696567,10.26166667
Austin Davis,QB,0,0,0,0,0,0,#N/A,,6,Jeremy Kerley,WR,3.201,11.2912233,10.925
Ryan Nassib,QB,0,0.42,-0.83,0.83,0.11,0.02,#N/A,,6,Terrance West,RB,28.301,10.7392398,9.795
Christian Hackenberg,QB,0,0,0,0,,0,#N/A,,6,Sterling Shepard,WR,6.501,8.8805567,10.7
Jeff Driskel,QB,0,0,0,0,,0,#N/A,,6,Jeremy Maclin,WR,7.901,13.5157533,14.65333333
Keith Wenning,QB,0,0,0,0,,0,#N/A,,6,Colin Kaepernick,QB,18.081,12.526192,12.32333333
Aaron Murray,QB,0,0,0,0,,0,#N/A,,6,Cody Kessler,QB,24.741,13.6981008,9.396666667
Jerrod Johnson,QB,0,0,0,0,,0,#N/A,,6,Golden Tate,WR,33.801,10.9171972,10.17333333
Josh Johnson,QB,0,0,0,0,,0,#N/A,,6,Kendall Wright,WR,30.301,14.456466,5.471666667
Brandon Weeden,QB,0,0,0,0,,0,#N/A,,6,Matt Jones,RB,22.501,9.27947,9.371666667
Logan Thomas,QB,0,0,0,0,,0,#N/A,,6,Tavon Austin,WR,5.601,12.4222966,11.21166667
Stephen Morris,QB,0,0,0,0,,0,#N/A,,6,Brandon LaFell,WR,9.301,11.787202,8.653333333
Matt Simms,QB,0,0,0,0,,0,#N/A,,6,Allen Robinson,WR,7.901,11.4505599,15.75333333
Christian Ponder,QB,0,0,0,0,,0,#N/A,,6,Delanie Walker,TE,3.101,15.54325,12.70833333
Matt Barkley,QB,0,0,0,0,,0,#N/A,,6,Jamison Crowder,WR,13.301,11.196968,8.461666667
Alex Tanney,QB,0,0,0,0,,0,#N/A,,6,Lamar Miller,RB,35.801,19.209676,17.50166667
David Fales,QB,0,0,0,0,,0,#N/A,,6,Allen Hurns,WR,12.401,11.5442499,9.833333333
Connor Cook,QB,0,0,0,0,,0,#N/A,,6,Ryan Fitzpatrick,QB,6.161,10.299288,15.89666667
Cardale Jones,QB,0,0,0,0,,0,#N/A,,6,Mark Ingram,RB,8.001,17.5374514,14.74833333
Zac Dysert,QB,0,0,0,0,,0,#N/A,,6,Tyrell Williams,WR,5.801,10.5512175,12
Joe Callahan,QB,0,0,0,0,,0,#N/A,,6,Alshon Jeffery,WR,16.301,12.514792,15.185
Derek Anderson,QB,-0.04,0.2,-0.44,0.37,0.07,0.02,#N/A,,6,Quincy Enunwa,WR,7.201,10.4093525,11.04333333
LeVeon Bell,RB,22.37,5.55,11.26,33.48,21.55,24,#N/A,,6,DeAngelo Williams,RB,1.001,9.696158,5.368333333
DeMarco Murray,RB,20.89,4.58,11.73,30.05,20.34,20.6,25.8270736,,6,Giovani Bernard,RB,13.401,11.159338,10.925
David Johnson,RB,18.62,2.33,13.96,23.27,18.47,18.14,14.6548806,,6,Zach Miller,TE,9.601,9.84775,11.035
LeSean McCoy,RB,17.81,3.57,10.66,24.95,17.4,18.66,24.081602,,6,Brock Osweiler,QB,17.361,16.9660552,17.205
Lamar Miller,RB,17.45,2.98,11.5,23.4,17.18,17.25,19.209676,,6,Travis Kelce,TE,6.201,9.2782,12.76333333
Todd Gurley,RB,16.93,3.4,10.13,23.74,16.52,18.18,17.1281492,,6,Brandon Marshall,WR,10.001,10.620155,16.80666667
Jordan Howard,RB,16.22,5.64,4.93,27.5,14.24,16.96,20.822438,,6,Jimmy Graham,TE,14.901,14.9737,11.22833333
Ezekiel Elliott,RB,15.56,4.3,6.96,24.16,14.95,15.17,19.0974654,,6,Trevor Siemian,QB,13.301,16.3413091,16.22666667
Melvin Gordon,RB,15.5,2.78,9.95,21.06,15.27,14.71,16.7046736,,6,Todd Gurley,RB,13.701,17.1281492,16.35166667
Jamaal Charles,RB,15.16,5.23,4.69,25.62,14.33,13.13,12.2241694,,6,Cameron Meredith,WR,25.301,13.18936,10.79
Theo Riddick,RB,14.43,3.17,8.1,20.76,14.09,14.27,#N/A,,6,Jonathan Stewart,RB,20.501,16.673115,11.375
Matt Forte,RB,14.12,2.79,8.54,19.7,13.84,14.56,14.8008276,,6,Travis Benjamin,WR,3.701,11.3475825,12.09166667
Devonta Freeman,RB,13.88,3.38,7.12,20.64,13.47,12.29,13.299212,,6,Jordan Matthews,WR,10.501,14.4922601,13.385
Carlos Hyde,RB,13.19,2.45,8.28,18.1,12.93,13.44,15.9917546,,6,DeAndre Hopkins,WR,16.101,15.851454,15.78333333
Ryan Mathews,RB,13.18,2.25,8.69,17.68,13.01,12.49,13.5892606,,6,Cole Beasley,WR,23.801,12.3612234,10.345
C.J. Anderson,RB,13.03,5.51,2.01,24.05,14.65,14.71,19.2221994,,6,Kenny Britt,WR,35.601,14.6174533,9.23
Christine Michael,RB,12.99,5.33,2.33,23.65,8.54,14.55,19.438652,,6,Isaiah Crowell,RB,5.601,14.3046866,11.93166667
Mark Ingram,RB,12.88,5.23,2.42,23.33,10.4,15.2,17.5374514,,6,Carson Wentz,QB,7.361,15.2626051,16.705
Frank Gore,RB,12.24,1.9,8.44,16.05,12.1,12.16,14.1697726,,6,Case Keenum,QB,33.541,16.1764491,13.81666667
LeGarrette Blount,RB,11.85,3.21,5.44,18.26,11.14,13.15,15.842476,,6,Eddie Royal,WR,9.401,14.388592,8.885
Eddie Lacy,RB,11.8,2.36,7.08,16.51,11.52,11.92,10.753009,,6,Kelvin Benjamin,WR,16.601,16.2681033,14.405
Isaiah Crowell,RB,11.38,3.19,5,17.75,10.95,11.07,14.3046866,,6,Frank Gore,RB,14.801,14.1697726,12.525
Latavius Murray,RB,11.36,1.08,9.2,13.52,11.3,11.4,#N/A,,6,Alex Smith,QB,8.861,18.2557427,17.815
Giovani Bernard,RB,11.13,2.28,6.57,15.69,10.81,11.98,11.159338,,6,Emmanuel Sanders,WR,8.001,14.8865297,15.95666667
Jonathan Stewart,RB,10.93,2.56,5.81,16.05,10.64,10.91,16.673115,,6,Demaryius Thomas,WR,7.501,14.9802197,14.52666667
Darren Sproles,RB,10.13,0.82,8.49,11.77,10.1,10.4,12.3784858,,6,Joe Flacco,QB,15.281,17.2538858,15.475
Arian Foster,RB,10.08,2.09,5.89,14.26,9.81,10.43,10.115102,,6,LeGarrette Blount,RB,15.001,15.842476,13.41333333
James White,RB,9.73,1.78,6.17,13.29,9.54,10.2,11.170916,,6,Willie Snead,WR,8.701,15.3306527,14.88333333
T.J. Yeldon,RB,9.64,3.12,3.4,15.88,9.09,10.62,11.6161314,,6,Mike Wallace,WR,13.701,15.2603333,10.96333333
Rashad Jennings,RB,9.48,2.14,5.19,13.76,9.2,10.11,9.455878,,6,Ryan Tannehill,QB,10.381,18.6006309,16.68666667
Terrance West,RB,9.39,2.29,4.81,13.97,9.13,8.82,10.7392398,,6,Jordy Nelson,WR,10.801,14.9854334,17.795
Duke Johnson,RB,9.27,2.48,4.32,14.23,8.92,9.12,#N/A,,6,Eli Manning,QB,29.121,14.638874,16.01333333
Matt Jones,RB,9.24,1.91,5.43,13.05,9.06,8.48,9.27947,,6,Randall Cobb,WR,18.301,15.2018573,11.665
Tevin Coleman,RB,9.19,2.65,3.9,14.48,8.77,8.87,12.084368,,6,Tyrod Taylor,QB,20.961,14.9180888,18.625
Bilal Powell,RB,8.28,2.61,3.06,13.5,7.8,9.07,7.738966,,6,Michael Thomas,WR,18.801,15.9490067,10.54833333
DeAndre Washington,RB,8.23,0.57,7.08,9.38,8.21,8.2,7.6197866,,6,Davante Adams,WR,5.401,15.5072867,8.028333333
Spencer Ware,RB,8.14,3.61,0.93,15.35,7.13,8.35,13.57248,,6,Jordan Howard,RB,12.001,20.822438,18.38666667
Jeremy Hill,RB,7.46,2.11,3.24,11.68,7.1,7.1,7.466638,,6,Russell Wilson,QB,11.501,19.420969,20.25166667
James Starks,RB,7.19,4.04,-0.89,15.27,6.37,5.26,#N/A,,6,Martellus Bennett,TE,9.801,15.54325,10.60666667
Devontae Booker,RB,7.15,0.76,5.63,8.67,7.11,7.39,10.5636986,,6,Jarvis Landry,WR,16.101,17.7292033,17.14
Chris Ivory,RB,6.7,2.21,2.29,11.12,6.33,6.46,7.578112,,6,Jay Ajayi,RB,36.701,10.505308,4.748333333
DeAngelo Williams,RB,6.44,3.22,0.01,12.87,5.73,6.04,9.696158,,6,Christine Michael,RB,23.301,19.438652,14.91666667
Bobby Rainey,RB,6.07,3.33,-0.6,12.73,4.13,7.33,7.3188974,,6,Carlos Hyde,RB,5.201,15.9917546,14.02833333
Chris Thompson,RB,5.64,1.73,2.18,9.1,5.34,5.56,6.232618,,6,Matt Forte,RB,3.201,14.8008276,14.36833333
Derrick Henry,RB,5.63,1.77,2.09,9.17,5.3,5.66,9.828131,,6,Spencer Ware,RB,27.301,13.57248,7.241666667
Mike Gillislee,RB,5.53,1.67,2.19,8.87,5.27,5.09,10.232474,,6,Greg Olsen,TE,15.401,10.4173,15.23333333
Jalen Richard,RB,5.41,2.87,-0.33,11.16,4.49,6.17,6.844587,,6,Devonta Freeman,RB,8.001,13.299212,13.67166667
Kyle Juszczyk,RB,5.11,1.62,1.86,8.35,4.86,4.58,#N/A,,6,Kirk Cousins,QB,18.321,15.5823128,15.01666667
Josh Ferguson,RB,5.04,1.56,1.93,8.15,4.74,6.01,#N/A,,6,C.J. Anderson,RB,11.101,19.2221994,15.46666667
Andre Ellington,RB,4.87,2.34,0.19,9.56,4.35,4.18,#N/A,,6,Carson Palmer,QB,12.421,20.650626,21.75166667
Jay Ajayi,RB,4.75,1.63,1.49,8,4.44,5,10.505308,,6,Doug Baldwin,WR,7.101,18.18419,14.79166667
Dwayne Washington,RB,4.67,1.85,0.96,8.37,4.31,3.93,#N/A,,6,Brandin Cooks,WR,33.501,17.8096901,14.30166667
Fozzy Whittaker,RB,4.6,2.94,-1.27,10.47,2.28,4.2,11.1916282,,6,Andy Dalton,QB,21.861,18.6151472,16.53
Shaun Draughn,RB,4.38,1.79,0.79,7.96,3.91,4.4,5.4853438,,6,Michael Crabtree,WR,3.001,18.0249372,13.36
C.J. Spiller,RB,4.2,1.59,1.01,7.39,3.86,4.66,#N/A,,6,T.Y. Hilton,WR,7.901,16.7010822,16.21833333
Benny Cunningham,RB,4.18,1.74,0.69,7.67,3.57,4.86,5.7949134,,6,Marcus Mariota,QB,28.761,20.6032994,17.71833333
Alfred Blue,RB,4.16,1.97,0.23,8.1,3.81,3.4,#N/A,,6,Brian Hoyer,QB,15.081,17.200955,17.07
Cameron Artis-Payne,RB,4.11,1.75,0.61,7.6,3.74,4.07,#N/A,,6,Philip Rivers,QB,11.121,14.9256439,15.39
Justin Forsett,RB,3.99,4.46,-4.93,12.9,4.81,3,#N/A,,6,Tevin Coleman,RB,2.701,12.084368,9.488333333
Alfred Morris,RB,3.93,2.53,-1.13,8.99,3.34,3.38,#N/A,,6,Dak Prescott,QB,20.481,19.2584933,15.73
Javorius Allen,RB,3.89,1.05,1.79,5.99,3.77,3.4,#N/A,,6,Amari Cooper,WR,25.901,19.2897522,16.58833333
Travaris Cadet,RB,3.69,2.88,-2.07,9.46,3.66,2.88,#N/A,,6,Julio Jones,WR,29.901,17.686776,17.56333333
Kenneth Dixon,RB,3.65,1.54,0.57,6.73,3.31,3.44,#N/A,,6,Larry Fitzgerald,WR,10.901,19.4260423,16.40666667
Mike Tolbert,RB,3.47,1.33,0.81,6.12,3.18,3.73,#N/A,,6,LeSean McCoy,RB,37.201,24.081602,18.97833333
Wendell Smallwood,RB,3.38,1.67,0.04,6.73,2.99,2.8,#N/A,,6,Blake Bortles,QB,12.941,19.4690438,18.77666667
KaDeem Carey,RB,3.36,1.01,1.34,5.38,3.14,3.54,#N/A,,6,Matthew Stafford,QB,28.201,19.570256,18.15833333
Rob Kelley,RB,3.34,2.62,-1.9,8.58,2.29,2.32,#N/A,,6,Melvin Gordon,RB,9.401,16.7046736,16.10666667
Orleans Darkwa,RB,3.27,1.56,0.16,6.39,2.91,2.5,#N/A,,6,Antonio Brown,WR,8.501,21.0517733,23.61166667
Charcandrick West,RB,3.19,1.95,-0.72,7.1,2.03,2.82,#N/A,,6,A.J. Green,WR,14.801,20.294254,17.57666667
Tim Hightower,RB,3.11,1.49,0.14,6.09,2.77,2.93,#N/A,,6,Ezekiel Elliott,RB,22.401,19.0974654,15.89
Lance Dunbar,RB,3.11,1.43,0.25,5.98,2.82,2.23,#N/A,,6,Cam Newton,QB,30.981,23.760737,24.935
Dexter McCluster,RB,2.77,1.17,0.42,5.12,2.52,2.55,#N/A,,6,Derek Carr,QB,11.801,21.0442154,17.59833333
Robert Turbin,RB,2.65,0.67,1.3,4,2.57,2.5,#N/A,,6,DeMarco Murray,RB,12.501,25.8270736,22.325
Brandon Bolden,RB,2.39,3.07,-3.75,8.53,2.02,0.12,#N/A,,6,Ben Roethlisberger,QB,11.561,20.8651499,22.51666667
C.J. Prosise,RB,2.21,1.58,-0.95,5.38,2.5,2.08,#N/A,,6,Aaron Rodgers,QB,14.461,22.7066658,20.19833333
Zach Zenner,RB,2.05,0.79,0.47,3.62,1.82,2.32,#N/A,,6,Andrew Luck,QB,24.381,18.5588079,17.285
John Kuhn,RB,1.98,1.81,-1.63,5.6,0.74,1.37,#N/A,,6,Drew Brees,QB,36.601,26.5740271,23.30666667
Joique Bell,RB,1.87,1.25,-0.63,4.37,0.99,2.07,#N/A,,6,Matt Ryan,QB,26.601,23.615372,15.98166667
Jamize Olawale,RB,1.82,0.9,0.03,3.61,1.63,1.35,#N/A,,6,Tom Brady,QB,30.241,30.365344,20.32
Paul Perkins,RB,1.7,2.25,-2.81,6.21,0.9,1.02,#N/A,,6,Terrelle Pryor,WR,28.841,-0.15035,11.04666667
Denard Robinson,RB,1.65,1.66,-1.68,4.98,1.2,0.85,#N/A,,,,,,,
Damien Williams,RB,1.65,1.63,-1.61,4.9,1.17,1.22,#N/A,,,,,,,
Reggie Bush,RB,1.52,1.98,-2.44,5.48,0.58,0.5,#N/A,,,,,,,
Kenyan Drake,RB,1.4,1.09,-0.77,3.57,0.7,1.25,#N/A,,,,,,,
Daniel Lasco,RB,1.23,1.46,-1.7,4.15,0.4,0.34,#N/A,,,,,,,
Kenneth Farrow,RB,1.2,1.09,-0.99,3.38,0.74,1.04,#N/A,,,,,,,
Antonio Andrews,RB,1.16,1.72,-2.28,4.59,0.7,0.48,#N/A,,,,,,,
Alex Collins,RB,1.02,0.85,-0.69,2.73,0.63,0.8,#N/A,,,,,,,
Tyler Ervin,RB,1,0.81,-0.62,2.63,0.96,0.87,#N/A,,,,,,,
Mike Davis,RB,1,0.9,-0.81,2.81,0.64,0.78,#N/A,,,,,,,
Kenjon Barner,RB,1,0.8,-0.61,2.6,0.4,1.04,#N/A,,,,,,,
Malcolm Johnson,RB,0.92,0.72,-0.52,2.36,0.69,0.58,#N/A,,,,,,,
Andy Janovich,RB,0.87,0.84,-0.82,2.56,0.38,0.5,#N/A,,,,,,,
Corey Grant,RB,0.87,1.47,-2.08,3.81,0.61,0.29,#N/A,,,,,,,
Taiwan Jones,RB,0.85,1.12,-1.4,3.1,0.38,0.2,#N/A,,,,,,,
Jonathan Williams,RB,0.81,0.64,-0.46,2.08,0.6,0.39,#N/A,,,,,,,
Fitzgerald Toussaint,RB,0.78,0.97,-1.16,2.73,1.09,0.47,#N/A,,,,,,,
Patrick DiMarco,RB,0.76,0.4,-0.05,1.56,0.66,0.51,#N/A,,,,,,,
Stepfan Taylor,RB,0.71,0.31,0.1,1.32,0.64,0.72,#N/A,,,,,,,
Malcolm Brown,RB,0.7,0.51,-0.31,1.71,0.47,0.7,#N/A,,,,,,,
Knile Davis,RB,0.61,0.48,-0.35,1.57,0.78,0.7,#N/A,,,,,,,
Troymaine Pope,RB,0.5,0.54,-0.57,1.57,0.21,0.3,#N/A,,,,,,,
Isaiah Pead,RB,0.49,0.85,-1.21,2.2,1.97,0,#N/A,,,,,,,
Jordan Todman,RB,0.45,0.63,-0.81,1.72,0.46,0.29,#N/A,,,,,,,
Anthony Sherman,RB,0.43,0.62,-0.81,1.66,0.22,0.22,#N/A,,,,,,,
James Develin,RB,0.41,0.43,-0.45,1.27,0.41,0.26,#N/A,,,,,,,
Jalston Fowler,RB,0.41,0.45,-0.49,1.3,0.37,0.2,#N/A,,,,,,,
Aaron Ripkowski,RB,0.33,0.39,-0.45,1.11,0.13,0.22,#N/A,,,,,,,
Rex Burkhead,RB,0.29,0.48,-0.68,1.26,0.21,0.09,#N/A,,,,,,,
Jay Prosch,RB,0.27,0.24,-0.21,0.75,0.2,0.2,#N/A,,,,,,,
Jerome Felton,RB,0.2,0.2,-0.19,0.59,0.3,0.2,#N/A,,,,,,,
Darius Jackson,RB,0.14,0.19,-0.25,0.52,0.19,0.04,#N/A,,,,,,,
George Atkinson,RB,0.12,0.22,-0.31,0.56,0.11,0.01,#N/A,,,,,,,
Daryl Richardson,RB,0.11,0.19,-0.26,0.48,0.43,0,#N/A,,,,,,,
Michael Burton,RB,0.1,0.14,-0.18,0.39,0.24,0,#N/A,,,,,,,
Roosevelt Nix,RB,0.1,0.07,-0.05,0.25,0.15,0.13,#N/A,,,,,,,
Raheem Mostert,RB,0.1,0.14,-0.18,0.37,0.29,0,#N/A,,,,,,,
Marcus Murphy,RB,0.07,0.11,-0.14,0.28,0.16,0,#N/A,,,,,,,
Rod Smith,RB,0.04,0.08,-0.12,0.2,0.2,0,#N/A,,,,,,,
Dri Archer,RB,0.01,0.01,-0.02,0.03,0.03,0,#N/A,,,,,,,
Bishop Sankey,RB,0,0,0,0,,0,#N/A,,,,,,,
Juwan Thompson,RB,0,0,0,0,,0,#N/A,,,,,,,
George Winn,RB,0,0,0,0,,0,#N/A,,,,,,,
Andre Williams,RB,0,0,0,0,,0,#N/A,,,,,,,
Gus Johnson,RB,0,0,0,0,,0,#N/A,,,,,,,
Joey Iosefa,RB,0,0,0,0,,0,#N/A,,,,,,,
Kerwynn Williams,RB,0,0,0,0,,0,#N/A,,,,,,,
Joe Banyard,RB,0,0,0,0,,0,#N/A,,,,,,,
Dan Herron,RB,0,0,0,0,,0,#N/A,,,,,,,
Khiry Robinson,RB,0,0,0,0,,0,#N/A,,,,,,,
DuJuan Harris,RB,0,0,0,0,,0,#N/A,,,,,,,
Karlos Williams,RB,0,0,0,0,,0,#N/A,,,,,,,
Brandon Wegher,RB,0,0,0,0,,0,#N/A,,,,,,,
Stevan Ridley,RB,0,0,0,0,,0,#N/A,,,,,,,
Austin Johnson,RB,0,0,0,0,,0,#N/A,,,,,,,
Antone Smith,RB,0,0,0,0,,0,#N/A,,,,,,,
Tommy Bohanon,RB,0,0,0,0,,0,#N/A,,,,,,,
Chase Reynolds,RB,0,0,0,0,,0,#N/A,,,,,,,
David Cobb,RB,0,0,0,0,,0,#N/A,,,,,,,
Marshaun Coprich,RB,0,0,0,0,,0,#N/A,,,,,,,
Marcel Reece,RB,0,0,0,0,,0,#N/A,,,,,,,
Greg Olsen,TE,15.33,3.78,7.77,22.89,14.7,16.52,10.4173,,,,,,,
Travis Kelce,TE,12.62,3.66,5.3,19.94,11.87,13.6,9.2782,,,,,,,
Rob Gronkowski,TE,12.44,4.46,3.52,21.36,10.96,13.59,15.54325,,,,,,,
Delanie Walker,TE,11.97,3.58,4.8,19.14,11.37,12.21,15.54325,,,,,,,
Martellus Bennett,TE,11.03,1.78,7.46,14.59,10.88,10.83,15.54325,,,,,,,
Zach Miller,TE,10.79,2.63,5.53,16.05,10.53,10,9.84775,,,,,,,
Jason Witten,TE,10.75,5.24,0.27,21.23,9.74,9.72,12.6955,,,,,,,
Jimmy Graham,TE,10.61,3.86,2.9,18.33,9.96,9.84,14.9737,,,,,,,
Coby Fleener,TE,10.41,0.7,9.01,11.8,10.38,10.5,10.4173,,,,,,,
Zach Ertz,TE,10.32,2.4,5.51,15.13,10.03,10.4,10.4173,,,,,,,
Julius Thomas,TE,9.83,3.18,3.47,16.18,9.24,9.68,9.84775,,,,,,,
Antonio Gates,TE,9.43,3.91,1.6,17.25,8.64,9.07,10.4173,,,,,,,
Gary Barnidge,TE,9.38,4.62,0.13,18.63,7.71,8.84,15.54325,,,,,,,
Dennis Pitta,TE,9.28,4.81,-0.34,18.89,6.99,10.13,10.98685,,,,,,,
Charles Clay,TE,8.83,2.21,4.4,13.25,8.43,9.42,15.54325,,,,,,,
Clive Walford,TE,7.67,1.03,5.61,9.73,7.6,7.36,9.2782,,,,,,,
Jesse James,TE,7.57,2.06,3.45,11.68,7.15,8.39,15.54325,,,,,,,
Hunter Henry,TE,7.51,3.67,0.17,14.84,6.68,6.55,10.4173,,,,,,,
Dwayne Allen,TE,7.01,4.25,-1.5,15.52,7.12,7.5,7,,,,,,,
Jacob Tamme,TE,6.52,1.95,2.62,10.43,6.2,6.5,14.9737,,,,,,,
Virgil Green,TE,6.38,2.11,2.16,10.6,5.75,7.01,10.4173,,,,,,,
Will Tye,TE,5.99,1.41,3.17,8.82,5.85,5.87,10.98685,,,,,,,
Larry Donnell,TE,5.82,2.21,1.4,10.24,5.28,6.57,10.98685,,,,,,,
Lance Kendricks,TE,5.8,2.06,1.68,9.93,5.39,5.92,10.4173,,,,,,,
Vance McDonald,TE,5.23,1.8,1.63,8.83,4.86,5.73,15.54325,,,,,,,
Dion Sims,TE,5.1,1.86,1.37,8.82,4.76,4.5,15.54325,,,,,,,
Crockett Gillmore,TE,5.02,2.28,0.46,9.59,4.42,5.03,10.98685,,,,,,,
C.J. Uzomah,TE,4.83,3.29,-1.74,11.41,2.99,5.31,15.54325,,,,,,,
C.J. Fiedorowicz,TE,4.71,2.82,-0.93,10.35,3.65,4.58,7,,,,,,,
Jack Doyle,TE,4.71,1.31,2.09,7.32,4.45,5.15,7,,,,,,,
Vernon Davis,TE,4.6,2.66,-0.72,9.91,3.89,2.82,10.4173,,,,,,,
Brent Celek,TE,4.46,5.18,-5.9,14.81,1.79,2.62,#N/A,,,,,,,
Darren Fells,TE,4.33,2.3,-0.28,8.94,5,4.76,14.9737,,,,,,,
Jermaine Gresham,TE,3.99,2.06,-0.13,8.12,3.57,2.81,#N/A,,,,,,,
Austin Seferian-Jenkins,TE,3.92,1.63,0.65,7.19,3.63,3.29,#N/A,,,,,,,
Garrett Celek,TE,3.84,1.19,1.47,6.21,3.64,3.58,#N/A,,,,,,,
Ryan Griffin,TE,3.58,2.11,-0.65,7.8,3.44,4.36,7,,,,,,,
Mychal Rivera,TE,2.98,2.31,-1.63,7.59,2.37,2.2,#N/A,,,,,,,
Stephen Anderson,TE,2.94,1.65,-0.37,6.25,2.37,3.76,#N/A,,,,,,,
Trey Burton,TE,2.78,0.86,1.07,4.5,2.63,2.69,#N/A,,,,,,,
Marcedes Lewis,TE,2.78,1.65,-0.51,6.07,2.97,2.84,#N/A,,,,,,,
Xavier Grimble,TE,2.68,1.61,-0.54,5.9,2.21,2.3,#N/A,,,,,,,
Tyler Kroft,TE,2.63,2.41,-2.18,7.45,1.21,2,#N/A,,,,,,,
Luke Willson,TE,2.62,0.87,0.89,4.35,2.48,2.42,#N/A,,,,,,,
Austin Hooper,TE,2.57,0.77,1.03,4.11,2.4,3.02,#N/A,,,,,,,
Ed Dickson,TE,2.52,1.11,0.3,4.74,2.22,2.69,#N/A,,,,,,,
Niles Paul,TE,2.46,2.03,-1.6,6.51,1.13,2.03,#N/A,,,,,,,
Cole Wick,TE,2.29,2.05,-1.81,6.38,1.54,1.14,#N/A,,,,,,,
Josh Hill,TE,2.19,2.51,-2.83,7.21,1.04,1.19,#N/A,,,,,,,
Anthony Fasano,TE,2.04,2.57,-3.1,7.19,0.67,0.42,#N/A,,,,,,,
Tyler Higbee,TE,1.97,1.78,-1.58,5.53,1.16,1.12,#N/A,,,,,,,
Demetrius Harris,TE,1.84,1.06,-0.28,3.95,1.55,1.86,#N/A,,,,,,,
Geoff Swaim,TE,1.64,1.34,-1.03,4.31,1.25,1.02,#N/A,,,,,,,
John Phillips,TE,1.63,1.25,-0.88,4.14,1.08,1.76,#N/A,,,,,,,
Khari Lee,TE,1.37,1.69,-2.01,4.75,0.24,0.35,#N/A,,,,,,,
Levine Toilolo,TE,1.3,1.57,-1.84,4.45,0.69,0.6,#N/A,,,,,,,
Clay Harbor,TE,1.27,1.94,-2.62,5.16,2.59,0,#N/A,,,,,,,
Jeff Heuerman,TE,1.21,0.9,-0.59,3.01,0.85,0.85,#N/A,,,,,,,
Blake Bell,TE,0.97,0.74,-0.51,2.45,0.56,0.6,#N/A,,,,,,,
Gavin Escobar,TE,0.93,0.78,-0.63,2.48,0.4,0.73,#N/A,,,,,,,
Logan Paulsen,TE,0.89,1.19,-1.5,3.28,0.63,0.31,#N/A,,,,,,,
Jace Amaro,TE,0.88,0.83,-0.77,2.53,0.93,0.66,#N/A,,,,,,,
MarQueis Gray,TE,0.66,0.7,-0.74,2.05,0.3,0.38,#N/A,,,,,,,
Kellen Davis,TE,0.65,0.45,-0.24,1.54,0.31,0.6,#N/A,,,,,,,
David Johnson,TE,0.58,0.45,-0.32,1.49,0.4,0.63,14.6548806,,,,,,,
Andrew Quarless,TE,0.55,0.55,-0.55,1.65,1.1,0.55,#N/A,,,,,,,
Brandon Bostick,TE,0.52,0.44,-0.36,1.4,0.38,0.31,#N/A,,,,,,,
Nick Vannett,TE,0.47,0.34,-0.2,1.15,0.21,0.57,#N/A,,,,,,,
Randall Telfer,TE,0.47,0.55,-0.63,1.56,0.64,0.4,#N/A,,,,,,,
Phillip Supernaw,TE,0.4,0.42,-0.43,1.24,0.6,0.4,#N/A,,,,,,,
Nick OLeary,TE,0.39,0.31,-0.22,1.01,0.19,0.5,#N/A,,,,,,,
Jerell Adams,TE,0.28,0.3,-0.31,0.87,0.54,0.21,#N/A,,,,,,,
Cory Harkey,TE,0.28,0.17,-0.06,0.62,0.24,0.2,#N/A,,,,,,,
Ben Braunecker,TE,0.26,0.26,-0.27,0.78,0.5,0.21,#N/A,,,,,,,
Jim Dray,TE,0.18,0.3,-0.43,0.78,0.7,0,#N/A,,,,,,,
Brandon Williams,TE,0.16,0.17,-0.19,0.5,0.29,0.1,#N/A,,,,,,,
James OShaughnessy,TE,0.15,0.19,-0.23,0.53,0.36,0,#N/A,,,,,,,
Sean McGrath,TE,0.14,0.16,-0.19,0.46,0.24,0.08,#N/A,,,,,,,
Gerald Christian,TE,0.13,0.19,-0.24,0.51,0.4,0,#N/A,,,,,,,
Ifeanyi Momah,TE,0.12,0.22,-0.31,0.56,0.5,0,#N/A,,,,,,,
Orson Charles,TE,0.12,0.2,-0.29,0.52,0.47,0,#N/A,,,,,,,
Temarrick Hemingway,TE,0.11,0.16,-0.2,0.42,0.24,0,#N/A,,,,,,,
Brian Parker,TE,0,0,0,0,,0,#N/A,,,,,,,
Asante Cleveland,TE,0,0,0,0,,0,#N/A,,,,,,,
Nic Jacobs,TE,0,0,0,0,,0,#N/A,,,,,,,
Chase Coffman,TE,0,0,0,0,,0,#N/A,,,,,,,
Jerome Cunningham,TE,0,0,0,0,,0,#N/A,,,,,,,
Mitchell Henry,TE,0,0,0,0,,0,#N/A,,,,,,,
Rob Housler,TE,0,0,0,0,,0,#N/A,,,,,,,
Marcel Jensen,TE,0,0,0,0,,0,#N/A,,,,,,,
Tony Moeaki,TE,0,0,0,0,,0,#N/A,,,,,,,
Antonio Brown,WR,22.98,7.1,8.79,37.17,21.44,25.77,21.0517733,,,,,,,
Julio Jones,WR,17.75,4.38,8.99,26.52,17.12,18.89,17.686776,,,,,,,
Jordy Nelson,WR,17.53,2.65,12.23,22.82,17.31,18.13,14.9854334,,,,,,,
A.J. Green,WR,17.38,4.72,7.94,26.81,16.58,17.84,20.294254,,,,,,,
Odell Beckham,WR,17.15,1.96,13.23,21.08,17.03,16.71,#N/A,,,,,,,
Amari Cooper,WR,16.84,4.85,7.15,26.53,16.29,14.47,19.2897522,,,,,,,
Jarvis Landry,WR,16.62,2.46,11.7,21.55,16.45,16.64,17.7292033,,,,,,,
Brandon Marshall,WR,16.6,4.24,8.11,25.09,16.16,15.37,10.620155,,,,,,,
Allen Robinson,WR,15.98,3.87,8.24,23.72,15.31,16.77,11.4505599,,,,,,,
DeAndre Hopkins,WR,15.61,5.04,5.53,25.69,14.6,16.73,15.851454,,,,,,,
Marvin Jones,WR,15.59,2.85,9.89,21.29,15.34,14.91,#N/A,,,,,,,
Emmanuel Sanders,WR,15.48,1.79,11.89,19.07,15.37,15.73,14.8865297,,,,,,,
Demaryius Thomas,WR,15.45,3.92,7.61,23.29,14.79,15.82,14.9802197,,,,,,,
T.Y. Hilton,WR,15.32,2.8,9.71,20.92,15.08,14.4,16.7010822,,,,,,,
Larry Fitzgerald,WR,15.05,2.89,9.28,20.83,14.75,15.88,19.4260423,,,,,,,
Alshon Jeffery,WR,14.82,2.76,9.3,20.33,14.56,14.82,12.514792,,,,,,,
Julian Edelman,WR,14.75,3.27,8.2,21.3,14.41,14.66,10.950456,,,,,,,
Brandin Cooks,WR,14.62,4.14,6.34,22.9,13.86,15.36,17.8096901,,,,,,,
Jeremy Maclin,WR,14.23,3.98,6.28,22.19,13.47,15.01,13.5157533,,,,,,,
Willie Snead,WR,14.18,2.76,8.66,19.71,13.93,13.9,15.3306527,,,,,,,
Kelvin Benjamin,WR,14.09,4.31,5.47,22.72,13.27,14.75,16.2681033,,,,,,,
Doug Baldwin,WR,13.82,4.86,4.1,23.53,12.8,14.52,18.18419,,,,,,,
Jordan Matthews,WR,13.58,3.54,6.49,20.66,12.97,13.82,14.4922601,,,,,,,
Michael Crabtree,WR,13.48,3.36,6.76,20.21,12.91,14.21,18.0249372,,,,,,,
John Brown,WR,13.3,2.59,8.12,18.48,13.06,12.9,5.9965177,,,,,,,
DeSean Jackson,WR,12.97,2.69,7.6,18.34,12.73,12.23,9.829094,,,,,,,
Will Fuller,WR,12.86,3.66,5.53,20.19,12.25,13.06,#N/A,,,,,,,
Randall Cobb,WR,12.62,4.18,4.26,20.98,11.81,13.32,15.2018573,,,,,,,
Travis Benjamin,WR,11.76,1.33,9.09,14.42,11.68,12.13,11.3475825,,,,,,,
Tavon Austin,WR,11.17,3.89,3.4,18.95,10.49,10.94,12.4222966,,,,,,,
Pierre Garcon,WR,11.11,3.73,3.64,18.58,10.6,10.29,9.11705,,,,,,,
Tyrell Williams,WR,11.05,3.13,4.79,17.32,10.55,10.87,10.5512175,,,,,,,
DeVante Parker,WR,10.93,2.9,5.13,16.74,10.44,11.64,11.539105,,,,,,,
Cameron Meredith,WR,10.79,1.95,6.89,14.69,10.6,11.06,13.18936,,,,,,,
Golden Tate,WR,10.76,2.61,5.55,15.97,10.45,10.4,10.9171972,,,,,,,
Terrelle Pryor,WR,10.66,2.99,4.67,16.64,10.1,11.99,-0.15035,,,,,,,
Anquan Boldin,WR,10.64,1.48,7.68,13.61,10.54,10.95,9.9681175,,,,,,,
Sterling Shepard,WR,10.59,0.55,9.48,11.69,10.57,10.59,8.8805567,,,,,,,
Mike Wallace,WR,10.47,1.79,6.9,14.05,10.31,9.96,15.2603333,,,,,,,
Allen Hurns,WR,10.24,2.1,6.04,14.45,9.97,10.58,11.5442499,,,,,,,
Quincy Enunwa,WR,10.13,4.43,1.27,18.99,9.12,10.2,10.4093525,,,,,,,
Michael Floyd,WR,9.92,2.14,5.65,14.19,9.62,10.14,9.4949023,,,,,,,
Dez Bryant,WR,9.87,7.53,-5.2,24.94,11.71,10.2,#N/A,,,,,,,
Jeremy Kerley,WR,9.85,2.76,4.33,15.38,9.23,10.25,11.2912233,,,,,,,
Sammie Coates,WR,9.79,1.98,5.84,13.75,9.57,10.54,11.6696567,,,,,,,
Robert Woods,WR,9.51,2.05,5.42,13.6,9.21,10.18,10.619228,,,,,,,
Michael Thomas,WR,9.49,3.51,2.46,16.51,8.54,11.43,15.9490067,,,,,,,
Kenny Britt,WR,9.12,2.05,5.03,13.22,8.89,9.33,14.6174533,,,,,,,
Cole Beasley,WR,9.09,2.82,3.45,14.73,8.28,9.62,12.3612234,,,,,,,
Victor Cruz,WR,9.02,4.14,0.74,17.3,8.23,7.89,6.5645399,,,,,,,
Phillip Dorsett,WR,8.65,2.37,3.91,13.39,8.3,8.02,6.2256033,,,,,,,
Kenny Stills,WR,8.48,1.47,5.55,11.41,8.33,8.53,11.1306166,,,,,,,
Terrance Williams,WR,8.46,1.34,5.78,11.15,8.37,7.99,7.0874133,,,,,,,
Eddie Royal,WR,8.29,2.57,3.15,13.43,7.83,9.63,14.388592,,,,,,,
Brandon LaFell,WR,8.24,2.24,3.75,12.72,7.88,8.52,11.787202,,,,,,,
Davante Adams,WR,8.14,1.59,4.97,11.32,7.96,8.84,15.5072867,,,,,,,
Tyler Lockett,WR,8.12,2.88,2.36,13.89,7.49,7.53,6.3089825,,,,,,,
Jamison Crowder,WR,8.01,2.33,3.35,12.66,7.6,8.51,11.196968,,,,,,,
Torrey Smith,WR,7.95,3.07,1.81,14.08,7.24,7.81,6.8475066,,,,,,,
Tajae Sharpe,WR,7.92,1.85,4.21,11.62,7.65,8.09,9.1957725,,,,,,,
Rishard Matthews,WR,7.69,2.77,2.15,13.22,7.2,6.83,12.9087072,,,,,,,
Mohamed Sanu,WR,7.61,2.15,3.31,11.91,7.21,8.12,6.96864,,,,,,,
Kamar Aiken,WR,7.43,2.55,2.32,12.53,6.98,6.58,4.3922933,,,,,,,
Tyler Boyd,WR,7.33,1.46,4.4,10.26,7.18,7.26,6.147064,,,,,,,
Marqise Lee,WR,7.25,1.39,4.48,10.02,7.11,7.35,8.9349834,,,,,,,
Chris Hogan,WR,7.2,2.26,2.67,11.72,6.81,7.14,9.938604,,,,,,,
Jermaine Kearse,WR,7.06,2.51,2.04,12.07,6.46,7.42,6.613475,,,,,,,
Danny Amendola,WR,6.95,3.6,-0.26,14.16,5.83,6.14,8.10228,,,,,,,
Chris Conley,WR,6.94,1.29,4.37,9.51,6.83,6.98,9.7812699,,,,,,,
Andre Johnson,WR,6.94,0.85,5.24,8.63,6.88,7,6.9125472,,,,,,,
Ted Ginn,WR,6.88,2.73,1.42,12.33,6.33,6.52,#N/A,,,,,,,
Seth Roberts,WR,6.87,1.23,4.41,9.32,6.76,6.47,8.9604297,,,,,,,
Breshad Perriman,WR,6.77,3.2,0.37,13.17,5.69,7.61,5.0350067,,,,,,,
Nelson Agholor,WR,6.73,1.57,3.58,9.87,6.49,7.36,7.8262166,,,,,,,
Marquise Goodwin,WR,6.69,2.49,1.7,11.68,6.07,7.5,9.813494,,,,,,,
Dontrelle Inman,WR,6.52,1.89,2.75,10.3,6.25,6.36,5.6212497,,,,,,,
Brice Butler,WR,6.47,3.65,-0.82,13.76,5.41,5.41,3.47379,,,,,,,
Andrew Hawkins,WR,6.47,1.98,2.51,10.43,6.12,7.1,7.15747,,,,,,,
Brian Quick,WR,6.1,2.24,1.62,10.57,5.55,6.97,11.0310001,,,,,,,
Quinton Patton,WR,5.85,1.49,2.87,8.84,5.64,5.73,5.8843734,,,,,,,
Eli Rogers,WR,5.84,3.41,-0.98,12.66,4.91,4.47,8.8420925,,,,,,,
Devin Funchess,WR,5.75,2.24,1.28,10.23,5.21,6.34,7.4743599,,,,,,,
Jaelen Strong,WR,5.59,1.67,2.25,8.93,5.32,5,6.14517,,,,,,,
Kendall Wright,WR,5.47,2.77,-0.07,11.01,4.87,4.16,14.456466,,,,,,,
Corey Brown,WR,5.46,2.04,1.38,9.54,5.02,6.39,#N/A,,,,,,,
Jaron Brown,WR,5.44,1.45,2.54,8.34,5.21,5.19,8.9009077,,,,,,,
Dorial Green-Beckham,WR,5.32,1.14,3.05,7.59,5.19,5.07,7.06358,,,,,,,
Chester Rogers,WR,4.91,2.62,-0.34,10.15,6.06,5.65,#N/A,,,,,,,
Walt Powell,WR,4.56,2.17,0.22,8.89,3.7,4.55,#N/A,,,,,,,
Albert Wilson,WR,4.49,1.39,1.7,7.27,4.24,4.85,5.7394833,,,,,,,
Ricardo Louis,WR,4.24,1.95,0.34,8.14,3.26,4.78,3.8670772,,,,,,,
Markus Wheaton,WR,4.01,1.51,0.98,7.04,3.66,4.06,#N/A,,,,,,,
Justin Hardy,WR,3.86,1.68,0.5,7.21,3.44,3.5,#N/A,,,,,,,
Jordan Norwood,WR,3.73,1.55,0.62,6.84,3.45,3.32,#N/A,,,,,,,
Robby Anderson,WR,3.58,2.62,-1.66,8.82,2.41,3.59,#N/A,,,,,,,
Braxton Miller,WR,3.46,1.04,1.39,5.53,3.34,3.12,#N/A,,,,,,,
Malcolm Mitchell,WR,3.44,1.77,-0.11,6.98,3.09,2.6,#N/A,,,,,,,
Paul Richardson,WR,3.42,2.2,-0.98,7.83,2.98,2.45,#N/A,,,,,,,
Brandon Coleman,WR,3.36,1.38,0.6,6.12,3.01,3.03,#N/A,,,,,,,
Tyreek Hill,WR,3.29,2.17,-1.04,7.62,2.41,3,#N/A,,,,,,,
Andre Holmes,WR,3.12,1.32,0.49,5.76,2.77,3.38,#N/A,,,,,,,
Justin Hunter,WR,3.05,1.87,-0.68,6.78,2.14,3.06,#N/A,,,,,,,
Josh Huff,WR,2.86,0.96,0.95,4.78,2.72,2.42,#N/A,,,,,,,
Charone Peake,WR,2.62,1.83,-1.03,6.28,1.25,3.35,#N/A,,,,,,,
Ryan Grant,WR,2.54,1.88,-1.21,6.3,1.86,1.8,#N/A,,,,,,,
Pharoh Cooper,WR,2.33,1.85,-1.37,6.02,2.42,1.43,#N/A,,,,,,,
Bennie Fowler,WR,2.29,0.89,0.5,4.07,2.1,2.2,#N/A,,,,,,,
Rod Streater,WR,2.06,1.12,-0.18,4.31,1.69,2.61,#N/A,,,,,,,
Keshawn Martin,WR,2.04,3.06,-4.07,8.15,2.51,0.43,#N/A,,,,,,,
Quan Bray,WR,2.03,1.42,-0.81,4.87,1.38,2.05,#N/A,,,,,,,
Rashard Higgins,WR,1.98,1.31,-0.63,4.6,1.5,1.72,#N/A,,,,,,,
Rashad Greene,WR,1.9,1.32,-0.73,4.53,1.51,1.54,#N/A,,,,,,,
Josh Bellamy,WR,1.88,1.49,-1.1,4.86,1.35,1.38,#N/A,,,,,,,
Leonte Carroo,WR,1.85,1.29,-0.72,4.43,1.28,1.67,#N/A,,,,,,,
Chris Moore,WR,1.84,1.24,-0.63,4.31,1.21,2.04,#N/A,,,,,,,
Cody Latimer,WR,1.81,1.1,-0.39,4.02,1.39,1.68,#N/A,,,,,,,
James Wright,WR,1.76,1.32,-0.87,4.4,1.34,1.08,#N/A,,,,,,,
Taylor Gabriel,WR,1.73,1.46,-1.2,4.66,2.42,1.75,#N/A,,,,,,,
Jeff Janis,WR,1.65,2.48,-3.32,6.62,0.4,0.55,#N/A,,,,,,,
J.J. Nelson,WR,1.61,0.51,0.6,2.62,1.53,1.6,#N/A,,,,,,,
Jared Abbrederis,WR,1.6,0.96,-0.32,3.51,1.27,1.5,#N/A,,,,,,,
Dwayne Harris,WR,1.55,1.43,-1.3,4.41,1.38,0.86,#N/A,,,,,,,
Darrius Heyward-Bey,WR,1.49,1.12,-0.75,3.73,1.15,0.9,#N/A,,,,,,,
Griff Whalen,WR,1.4,1,-0.6,3.4,1.14,0.92,#N/A,,,,,,,
Jalin Marshall,WR,1.35,1.55,-1.75,4.45,1.77,0.69,#N/A,,,,,,,
Deonte Thompson,WR,1.23,1.43,-1.63,4.08,0.7,0.57,#N/A,,,,,,,
Tommylee Lewis,WR,1.16,0.86,-0.56,2.89,0.83,0.85,#N/A,,,,,,,
Harry Douglas,WR,1.12,1.74,-2.36,4.6,0.98,0.55,#N/A,,,,,,,
Bradley Marquez,WR,1.03,0.84,-0.64,2.7,0.79,0.68,#N/A,,,,,,,
Lucky Whitehead,WR,0.99,1.18,-1.37,3.35,0.52,0.49,#N/A,,,,,,,
Aaron Burbridge,WR,0.98,0.75,-0.52,2.48,0.74,0.69,#N/A,,,,,,,
DeAnthony Thomas,WR,0.91,0.55,-0.18,2.01,0.76,0.76,#N/A,,,,,,,
Ty Montgomery,WR,0.87,0.85,-0.82,2.57,0.61,0.62,#N/A,,,,,,,
Nelson Spruce,WR,0.8,0.83,-0.86,2.46,1.57,0.65,#N/A,,,,,,,
Brandon Tate,WR,0.76,0.94,-1.13,2.65,0.4,0.42,#N/A,,,,,,,
Bryan Walters,WR,0.69,0.68,-0.66,2.04,0.32,0.46,#N/A,,,,,,,
Trevor Davis,WR,0.58,0.33,-0.08,1.23,0.7,0.65,#N/A,,,,,,,
Rashad Ross,WR,0.53,0.35,-0.17,1.22,0.56,0.53,#N/A,,,,,,,
Keith Mumphery,WR,0.43,0.03,0.37,0.49,0.43,0.42,#N/A,,,,,,,
Bryce Treggs,WR,0.4,0.69,-0.99,1.79,1.6,0,#N/A,,,,,,,
Jakeem Grant,WR,0.39,0.35,-0.31,1.09,0.51,0.36,#N/A,,,,,,,
Brenton Bersin,WR,0.38,0.38,-0.38,1.14,0.55,0.24,#N/A,,,,,,,
Jordan Payton,WR,0.35,0.28,-0.21,0.91,0.4,0.36,#N/A,,,,,,,
Alex Erickson,WR,0.3,0.32,-0.35,0.94,0.32,0.15,#N/A,,,,,,,
Demarcus Robinson,WR,0.28,0.27,-0.26,0.81,0.18,0.25,#N/A,,,,,,,
Andre Caldwell,WR,0.24,0.48,-0.72,1.2,1.2,0,#N/A,,,,,,,
Daniel Brown,WR,0.19,0.33,-0.47,0.85,0.76,0,#N/A,,,,,,,
Devin Street,WR,0.18,0.3,-0.43,0.78,0.7,0,#N/A,,,,,,,
Devin Hester,WR,0.16,0.22,-0.29,0.61,0.09,0.02,#N/A,,,,,,,
Cody Core,WR,0.13,0.22,-0.3,0.56,0.07,0.01,#N/A,,,,,,,
Frankie Hammond,WR,0.12,0.16,-0.21,0.45,0.35,0,#N/A,,,,,,,
Matt Slater,WR,0.07,0.09,-0.12,0.26,0.2,0,#N/A,,,,,,,
Eric Weems,WR,0.01,0.01,-0.02,0.03,0.02,0,#N/A,,,,,,,
Jeremy Ross,WR,0,0,0,0,,0,#N/A,,,,,,,
James Jones,WR,0,0,0,0,,0,#N/A,,,,,,,
Chris Givens,WR,0,0,0,0,,0,#N/A,,,,,,,
Darius Jennings,WR,0,0,0,0,,0,#N/A,,,,,,,
Jeremy Butler,WR,0,0,0,0,,0,#N/A,,,,,,,
Aaron Dobson,WR,0,0,0,0,,0,#N/A,,,,,,,
Vincent Brown,WR,0,0,0,0,,0,#N/A,,,,,,,
Chris Harper,WR,0,0,0,0,,0,#N/A,,,,,,,
Kenbrell Thompkins,WR,0,0,0,0,,0,#N/A,,,,,,,
Riley Cooper,WR,0,0,0,0,,0,#N/A,,,,,,,
Nick Toon,WR,0,0,0,0,,0,#N/A,,,,,,,
Jerome Simpson,WR,0,0,0,0,,0,#N/A,,,,,,,
Nick Williams,WR,0,0,0,0,,0,#N/A,,,,,,,
Anthony Dable,WR,0,0,0,0,,0,#N/A,,,,,,,
T.J. Jones,WR,0,0,0,0,,0,#N/A,,,,,,,
Geremy Davis,WR,0,0,0,0,,0,#N/A,,,,,,,
Roger Lewis,WR,0,0,0,0,,0,#N/A,,,,,,,
Dwayne Bowe,WR,0,0,0,0,,0,#N/A,,,,,,,
Brittan Golden,WR,0,0,0,0,,0,#N/A,,,,,,,
Rueben Randle,WR,0,0,0,0,,0,#N/A,,,,,,,
Marlon Brown,WR,0,0,0,0,,0,#N/A,,,,,,,
Kain Colter,WR,0,0,0,0,,0,#N/A,,,,,,,
Vince Mayle,WR,0,0,0,0,,0,#N/A,,,,,,,
