QB,RB,RB,WR,WR,WR,TE,FLEX,DST,QB Team ,RB Team ,RB Team ,WR Team ,WR Team ,WR Team ,TE Team ,FLEX Team ,DST Team ,QB Salary ,RB Salary ,RB Salary ,WR Salary ,WR Salary ,WR Salary ,TE Salary ,FLEX Salary ,DST Salary ,Projected Value,Scenario,Iteration
Matt Ryan,Ezekiel Elliott,Mark Ingram,Michael Thomas,Julio Jones,T.Y. Hilton,Eric Ebron,Devonta Freeman,Raiders,ATL,DAL,NO,LAR,ATL,IND,DET,ATL,OAK,7400,8200,4600,3000,8800,5300,3100,7300,2300,136.53,Scenario1,1
Drew Brees,Dalvin Cook,Ezekiel Elliott,Michael Thomas,Larry Fitzgerald,Julio Jones,Charles Clay,Ted Ginn Jr.,Chargers,NO,MIN,DAL,LAR,ARI,ATL,BUF,NO,LAC,7200,6500,8200,3000,6100,8800,3700,3900,2500,134.84,Scenario1,2
Drew Brees,Ezekiel Elliott,Frank Gore,Michael Thomas,Michael Thomas,Jarvis Landry,Evan Engram,Devonta Freeman,Bengals,NO,DAL,IND,NO,LAR,MIA,NYG,ATL,CIN,7200,8200,4000,7300,3000,6500,3000,7300,3500,133.06,Scenario1,3
Blake Bortles,Ezekiel Elliott,LeSean McCoy,Michael Thomas,Demaryius Thomas,Julio Jones,Evan Engram,Marqise Lee,Cowboys,JAX,DAL,BUF,LAR,DEN,ATL,NYG,JAX,DAL,5300,8200,8400,3000,6300,8800,3000,4500,2500,131.49,Scenario1,4
Drew Brees,Leonard Fournette,Mark Ingram,Michael Thomas,Michael Thomas,Demaryius Thomas,Jared Cook,Julio Jones,Lions,NO,JAX,NO,NO,LAR,DEN,OAK,ATL,DET,7200,6700,4600,7300,3000,6300,3400,8800,2700,131.01,Scenario1,5
Drew Brees,Dalvin Cook,Ezekiel Elliott,Michael Thomas,Demaryius Thomas,Marqise Lee,Eric Ebron,Jacquizz Rodgers,Raiders,NO,MIN,DAL,NO,DEN,JAX,DET,TB,OAK,7200,6500,8200,7300,6300,4500,3100,4400,2300,126.64,Scenario1,6
Drew Brees,Dalvin Cook,Frank Gore,Julio Jones,T.Y. Hilton,Willie Snead,Jared Cook,Devonta Freeman,Cowboys,NO,MIN,IND,ATL,IND,NO,OAK,ATL,DAL,7200,6500,4000,8800,5300,5000,3400,7300,2500,126.34,Scenario1,7
Carson Palmer,Dalvin Cook,Leonard Fournette,Larry Fitzgerald,Demaryius Thomas,T.Y. Hilton,Eric Ebron,Devonta Freeman,Chargers,ARI,MIN,JAX,ARI,DEN,IND,DET,ATL,LAC,6100,6500,6700,6100,6300,5300,3100,7300,2500,124.3,Scenario1,8
Dak Prescott,Dalvin Cook,Mark Ingram,Mike Evans,Larry Fitzgerald,Dez Bryant,Evan Engram,Devonta Freeman,Raiders,DAL,MIN,NO,TB,ARI,DAL,NYG,ATL,OAK,6200,6500,4600,7400,6100,6500,3000,7300,2300,123.49,Scenario1,9
Russell Wilson,Frank Gore,LeSean McCoy,Jarvis Landry,Larry Fitzgerald,Doug Baldwin,Eric Ebron,T.Y. Hilton,Raiders,SEA,IND,BUF,MIA,ARI,SEA,DET,IND,OAK,7300,4000,8400,6500,6100,6900,3100,5300,2300,121.78,Scenario1,10
Matt Ryan,Todd Gurley II,Mark Ingram,Larry Fitzgerald,T.Y. Hilton,Mohamed Sanu,Evan Engram,LeSean McCoy,Chargers,ATL,LAR,NO,ARI,IND,ATL,NYG,BUF,LAC,7400,7800,4600,6100,5300,4800,3000,8400,2500,121.7,Scenario1,11
Dak Prescott,Joe Mixon,Mark Ingram,Jarvis Landry,Demaryius Thomas,Dez Bryant,Eric Ebron,LeSean McCoy,Chargers,DAL,CIN,NO,MIA,DEN,DAL,DET,BUF,LAC,6200,5700,4600,6500,6300,6500,3100,8400,2500,120.71,Scenario1,12
Blake Bortles,Leonard Fournette,Frank Gore,Mike Evans,Jarvis Landry,Marqise Lee,Charles Clay,LeSean McCoy,Bengals,JAX,JAX,IND,TB,MIA,JAX,BUF,BUF,CIN,5300,6700,4000,7400,6500,4500,3700,8400,3500,119.29,Scenario1,13
Dak Prescott,Todd Gurley II,Leonard Fournette,Jarvis Landry,Dez Bryant,Alshon Jeffery,Evan Engram,Frank Gore,Vikings,DAL,LAR,JAX,MIA,DAL,PHI,NYG,IND,MIN,6200,7800,6700,6500,6500,6200,3000,4000,3100,119.04,Scenario1,14
Matt Ryan,Todd Gurley II,Leonard Fournette,Mike Evans,Marqise Lee,Mohamed Sanu,Jared Cook,Joe Mixon,Raiders,ATL,LAR,JAX,TB,JAX,ATL,OAK,CIN,OAK,7400,7800,6700,7400,4500,4800,3400,5700,2300,118.51,Scenario1,15
Dak Prescott,Todd Gurley II,Melvin Gordon,Mike Evans,Dez Bryant,Marqise Lee,Charles Clay,Jacquizz Rodgers,Chargers,DAL,LAR,LAC,TB,DAL,JAX,BUF,TB,LAC,6200,7800,7000,7400,6500,4500,3700,4400,2500,117.75,Scenario1,16
Russell Wilson,DeMarco Murray,Joe Mixon,Mike Evans,Doug Baldwin,Alshon Jeffery,Jared Cook,Jacquizz Rodgers,Lions,SEA,TEN,CIN,TB,SEA,PHI,OAK,TB,DET,7300,6000,5700,7400,6900,6200,3400,4400,2700,116.95,Scenario1,17
Matt Ryan,Todd Gurley II,DeMarco Murray,Michael Thomas,Emmanuel Sanders,Mohamed Sanu,Charles Clay,Jacquizz Rodgers,Cowboys,ATL,LAR,TEN,NO,DEN,ATL,BUF,TB,DAL,7400,7800,6000,7300,6100,4800,3700,4400,2500,116.88,Scenario1,18
Dak Prescott,Joe Mixon,Jacquizz Rodgers,Michael Thomas,Dez Bryant,Alshon Jeffery,Kyle Rudolph,Emmanuel Sanders,Bengals,DAL,CIN,TB,NO,DAL,PHI,MIN,DEN,CIN,6200,5700,4400,7300,6500,6200,4100,6100,3500,116.74,Scenario1,19
Matt Ryan,DeMarco Murray,Joe Mixon,Alshon Jeffery,Golden Tate,DeAndre Hopkins,Kyle Rudolph,Mohamed Sanu,Vikings,ATL,TEN,CIN,PHI,DET,HOU,MIN,ATL,MIN,7400,6000,5700,6200,6300,6400,4100,4800,3100,115.81,Scenario1,20
Russell Wilson,Melvin Gordon,Isaiah Crowell,Doug Baldwin,Alshon Jeffery,Emmanuel Sanders,Charles Clay,Tyrell Williams,Bengals,SEA,LAC,CLE,SEA,PHI,DEN,BUF,LAC,CIN,7300,7000,4800,6900,6200,6100,3700,4400,3500,115.53,Scenario1,21
Tom Brady,DeMarco Murray,Isaiah Crowell,Brandin Cooks,Golden Tate,Emmanuel Sanders,Kyle Rudolph,Tyrell Williams,Lions,NE,TEN,CLE,NE,DET,DEN,MIN,LAC,DET,8000,6000,4800,7600,6300,6100,4100,4400,2700,115.08,Scenario1,22
Russell Wilson,DeMarco Murray,Isaiah Crowell,Odell Beckham Jr.,Doug Baldwin,Golden Tate,Coby Fleener,Ted Ginn Jr.,Cowboys,SEA,TEN,CLE,NYG,SEA,DET,NO,NO,DAL,7300,6000,4800,8900,6900,6300,3400,3900,2500,114.74,Scenario1,23
Russell Wilson,Melvin Gordon,Lamar Miller,Keenan Allen,Doug Baldwin,Golden Tate,Jared Cook,Kyle Rudolph,Broncos,SEA,LAC,HOU,LAC,SEA,DET,OAK,MIN,DEN,7300,7000,4500,7200,6900,6300,3400,4100,3300,113.99,Scenario1,24
Tom Brady,Melvin Gordon,Lamar Miller,Brandin Cooks,DeAndre Hopkins,Emmanuel Sanders,Coby Fleener,Ted Ginn Jr.,Vikings,NE,LAC,HOU,NE,HOU,DEN,NO,NO,MIN,8000,7000,4500,7600,6400,6100,3400,3900,3100,113.62,Scenario1,25
Matthew Stafford,Melvin Gordon,Isaiah Crowell,Keenan Allen,Golden Tate,DeAndre Hopkins,Jimmy Graham,Ted Ginn Jr.,Bengals,DET,LAC,CLE,LAC,DET,HOU,SEA,NO,CIN,6000,7000,4800,7200,6300,6400,4900,3900,3500,113.14,Scenario1,26
Tom Brady,Isaiah Crowell,Duke Johnson Jr.,Odell Beckham Jr.,Brandin Cooks,Ted Ginn Jr.,Jimmy Graham,Marvin Jones Jr.,Patriots,NE,CLE,CLE,NYG,NE,NO,SEA,DET,NE,8000,4800,4500,8900,7600,3900,4900,4000,3400,112.49,Scenario1,27
Tom Brady,LeGarrette Blount,Lamar Miller,Odell Beckham Jr.,Keenan Allen,Brandin Cooks,Jesse James,Tyrell Williams,Cowboys,NE,PHI,HOU,NYG,LAC,NE,PIT,LAC,DAL,8000,3900,4500,8900,7200,7600,3000,4400,2500,112.28,Scenario1,28
Tom Brady,Terrance West,Duke Johnson Jr.,Keenan Allen,Brandin Cooks,DeAndre Hopkins,Kyle Rudolph,Rishard Matthews,Cardinals,NE,BAL,CLE,LAC,NE,HOU,MIN,TEN,ARI,8000,4100,4500,7200,7600,6400,4100,4900,3200,111.81,Scenario1,29
Matthew Stafford,Christian McCaffrey,Lamar Miller,Odell Beckham Jr.,Keenan Allen,DeAndre Hopkins,Coby Fleener,Marvin Jones Jr.,Lions,DET,CAR,HOU,NYG,LAC,HOU,NO,DET,DET,6000,6800,4500,8900,7200,6400,3400,4000,2700,111.13,Scenario1,30
Philip Rivers,Le'Veon Bell,Lamar Miller,Odell Beckham Jr.,Pierre Garcon,Rishard Matthews,Coby Fleener,Tyrell Williams,Patriots,LAC,PIT,HOU,NYG,SF,TEN,NO,LAC,NE,6300,8700,4500,8900,5500,4900,3400,4400,3400,110.38,Scenario1,31
Matthew Stafford,Le'Veon Bell,Christian McCaffrey,Pierre Garcon,DeSean Jackson,Tyrell Williams,Zach Ertz,Marvin Jones Jr.,Vikings,DET,PIT,CAR,SF,TB,LAC,PHI,DET,MIN,6000,8700,6800,5500,5200,4400,6300,4000,3100,109.37,Scenario1,32
Matthew Stafford,Le'Veon Bell,Tevin Coleman,Antonio Brown,Rishard Matthews,Marvin Jones Jr.,Jimmy Graham,Duke Johnson Jr.,Lions,DET,PIT,ATL,PIT,TEN,DET,SEA,CLE,DET,6000,8700,5000,9300,4900,4000,4900,4500,2700,108.34,Scenario1,33
Jay Cutler,Le'Veon Bell,Christian McCaffrey,Sammy Watkins,Pierre Garcon,Rishard Matthews,Jimmy Graham,Kenny Stills,Cardinals,MIA,PIT,CAR,LAR,SF,TEN,SEA,MIA,ARI,5800,8700,6800,5900,5500,4900,4900,4300,3200,108.18,Scenario1,34
Blake Bortles,Christian McCaffrey,Chris Carson,Allen Hurns,Antonio Brown,Pierre Garcon,Jimmy Graham,Tevin Coleman,Vikings,JAX,CAR,SEA,JAX,PIT,SF,SEA,ATL,MIN,5300,6800,5400,4700,9300,5500,4900,5000,3100,107.73,Scenario1,35
Carson Palmer,Le'Veon Bell,Christian McCaffrey,DeVante Parker,Rishard Matthews,J.J. Nelson,Coby Fleener,Duke Johnson Jr.,Broncos,ARI,PIT,CAR,MIA,TEN,ARI,NO,CLE,DEN,6100,8700,6800,6700,4900,5600,3400,4500,3300,107.64,Scenario1,36
Matthew Stafford,Jay Ajayi,C.J. Anderson,Antonio Brown,Pierre Garcon,Marvin Jones Jr.,Jack Doyle,Chris Carson,Patriots,DET,MIA,DEN,PIT,SF,DET,IND,SEA,NE,6000,7400,5600,9300,5500,4000,3400,5400,3400,107.44,Scenario1,37
Jay Cutler,Chris Carson,Tevin Coleman,Antonio Brown,Sammy Watkins,Kenny Stills,Zach Ertz,Duke Johnson Jr.,Patriots,MIA,SEA,ATL,PIT,LAR,MIA,PHI,CLE,NE,5800,5400,5000,9300,5900,4300,6300,4500,3400,106.7,Scenario1,38
Jameis Winston,Jay Ajayi,Chris Carson,Jordan Matthews,DeVante Parker,Sammy Watkins,Zach Ertz,DeSean Jackson,Broncos,TB,MIA,SEA,BUF,MIA,LAR,PHI,TB,DEN,5900,7400,5400,3900,6700,5900,6300,5200,3300,106.26,Scenario1,39
Carson Palmer,Chris Carson,Mike Gillislee,Jordan Matthews,Antonio Brown,Mohamed Sanu,Zach Ertz,J.J. Nelson,Cardinals,ARI,SEA,NE,BUF,PIT,ATL,PHI,ARI,ARI,6100,5400,5400,3900,9300,4800,6300,5600,3200,106.22,Scenario1,40
Blake Bortles,Jay Ajayi,Mike Gillislee,Jordan Matthews,Allen Hurns,A.J. Green,Zach Ertz,Tevin Coleman,Patriots,JAX,MIA,NE,BUF,JAX,CIN,PHI,ATL,NE,5300,7400,5400,3900,4700,8600,6300,5000,3400,105.95,Scenario1,41
Carson Palmer,Terrance West,Jay Ajayi,A.J. Green,Sammy Watkins,J.J. Nelson,Jack Doyle,C.J. Anderson,Broncos,ARI,BAL,MIA,CIN,LAR,ARI,IND,DEN,DEN,6100,4100,7400,8600,5900,5600,3400,5600,3300,105.63,Scenario1,42
Jay Cutler,C.J. Anderson,Mike Gillislee,Jordan Matthews,A.J. Green,DeVante Parker,Delanie Walker,Sammy Watkins,Cardinals,MIA,DEN,NE,BUF,CIN,MIA,TEN,LAR,ARI,5800,5600,5400,3900,8600,6700,4900,5900,3200,105.62,Scenario1,43
Jay Cutler,Mike Gillislee,Tevin Coleman,A.J. Green,Adam Thielen,DeSean Jackson,Rob Gronkowski,Kenny Stills,Broncos,MIA,NE,ATL,CIN,MIN,TB,NE,MIA,DEN,5800,5400,5000,8600,5800,5200,6600,4300,3300,105.35,Scenario1,44
Jay Cutler,Terrance West,Jay Ajayi,DeVante Parker,DeSean Jackson,Willie Snead,Rob Gronkowski,C.J. Anderson,Jaguars,MIA,BAL,MIA,MIA,TB,NO,NE,DEN,JAX,5800,4100,7400,6700,5200,5000,6600,5600,3600,105.1,Scenario1,45
Carson Palmer,C.J. Anderson,Mike Gillislee,DeVante Parker,Adam Thielen,Sterling Shepard,Rob Gronkowski,J.J. Nelson,Falcons,ARI,DEN,NE,MIA,MIN,NYG,NE,ARI,ATL,6100,5600,5400,6700,5800,5000,6600,5600,3200,104.94,Scenario1,46
Jameis Winston,Terrance West,Marshawn Lynch,A.J. Green,Michael Crabtree,DeSean Jackson,Rob Gronkowski,Sterling Shepard,Cardinals,TB,BAL,OAK,CIN,OAK,TB,NE,NYG,ARI,5900,4100,5000,8600,6200,5200,6600,5000,3200,104.18,Scenario1,47
Blake Bortles,Carlos Hyde,Marshawn Lynch,Allen Hurns,Michael Crabtree,Adam Thielen,Rob Gronkowski,Chris Hogan,Jaguars,JAX,SF,OAK,JAX,OAK,MIN,NE,NE,JAX,5300,6600,5000,4700,6200,5800,6600,6000,3600,102.15,Scenario1,48
Eli Manning,Carlos Hyde,Bilal Powell,Stefon Diggs,Michael Crabtree,Adam Thielen,Delanie Walker,Sterling Shepard,Seahawks,NYG,SF,NYJ,MIN,OAK,MIN,TEN,NYG,SEA,5700,6600,4600,7100,6200,5800,4900,5000,4100,100.78,Scenario1,49
Cam Newton,Carlos Hyde,Marshawn Lynch,Stefon Diggs,Chris Hogan,Willie Snead,Delanie Walker,Kelvin Benjamin,Falcons,CAR,SF,OAK,MIN,NE,NO,TEN,CAR,ATL,5900,6600,5000,7100,6000,5000,4900,6000,3200,99.49,Scenario1,50
Drew Brees,Ezekiel Elliott,Mark Ingram,Michael Thomas,Julio Jones,T.Y. Hilton,Eric Ebron,Devonta Freeman,Chargers,NO,DAL,NO,LAR,ATL,IND,DET,ATL,LAC,7200,8200,4600,3000,8800,5300,3100,7300,2500,137.93,Scenario2,1
Matt Ryan,Dalvin Cook,Ezekiel Elliott,Michael Thomas,Larry Fitzgerald,Julio Jones,Charles Clay,Frank Gore,Raiders,ATL,MIN,DAL,LAR,ARI,ATL,BUF,IND,OAK,7400,6500,8200,3000,6100,8800,3700,4000,2300,134.67,Scenario2,2
Drew Brees,Dalvin Cook,Leonard Fournette,Michael Thomas,Jarvis Landry,Demaryius Thomas,Evan Engram,Ezekiel Elliott,Cowboys,NO,MIN,JAX,LAR,MIA,DEN,NYG,DAL,DAL,7200,6500,6700,3000,6500,6300,3000,8200,2500,132.97,Scenario2,3
Drew Brees,Ezekiel Elliott,Joe Mixon,Michael Thomas,Larry Fitzgerald,Marqise Lee,Jared Cook,LeSean McCoy,Bengals,NO,DAL,CIN,LAR,ARI,JAX,OAK,BUF,CIN,7200,8200,5700,3000,6100,4500,3400,8400,3500,131.63,Scenario2,4
Tom Brady,Ezekiel Elliott,Jacquizz Rodgers,Mike Evans,Michael Thomas,Julio Jones,Evan Engram,Marqise Lee,Lions,NE,DAL,TB,TB,LAR,ATL,NYG,JAX,DET,8000,8200,4400,7400,3000,8800,3000,4500,2700,131.37,Scenario2,5
Drew Brees,Dalvin Cook,Mark Ingram,Larry Fitzgerald,Demaryius Thomas,Julio Jones,Jared Cook,Jacquizz Rodgers,Lions,NO,MIN,NO,ARI,DEN,ATL,OAK,TB,DET,7200,6500,4600,6100,6300,8800,3400,4400,2700,126.86,Scenario2,6
Drew Brees,Dalvin Cook,DeMarco Murray,Julio Jones,Marqise Lee,Tyrell Williams,Evan Engram,Devonta Freeman,Raiders,NO,MIN,TEN,ATL,JAX,LAC,NYG,ATL,OAK,7200,6500,6000,8800,4500,4400,3000,7300,2300,126.63,Scenario2,7
Matt Ryan,Dalvin Cook,Mark Ingram,Jarvis Landry,Larry Fitzgerald,T.Y. Hilton,Evan Engram,Devonta Freeman,Broncos,ATL,MIN,NO,MIA,ARI,IND,NYG,ATL,DEN,7400,6500,4600,6500,6100,5300,3000,7300,3300,125.34,Scenario2,8
Tom Brady,Frank Gore,Devonta Freeman,Mike Evans,Larry Fitzgerald,Demaryius Thomas,Eric Ebron,T.Y. Hilton,Raiders,NE,IND,ATL,TB,ARI,DEN,DET,IND,OAK,8000,4000,7300,7400,6100,6300,3100,5300,2300,124.17,Scenario2,9
Dak Prescott,Mark Ingram,LeSean McCoy,Jarvis Landry,Demaryius Thomas,Marqise Lee,Eric Ebron,Devonta Freeman,Vikings,DAL,NO,BUF,MIA,DEN,JAX,DET,ATL,MIN,6200,4600,8400,6500,6300,4500,3100,7300,3100,122.94,Scenario2,10
Matt Ryan,Leonard Fournette,Frank Gore,Jarvis Landry,T.Y. Hilton,Emmanuel Sanders,Eric Ebron,LeSean McCoy,Chargers,ATL,JAX,IND,MIA,IND,DEN,DET,BUF,LAC,7400,6700,4000,6500,5300,6100,3100,8400,2500,122.44,Scenario2,11
Matt Ryan,Todd Gurley II,Leonard Fournette,Demaryius Thomas,Alshon Jeffery,T.Y. Hilton,Jared Cook,Mark Ingram,Raiders,ATL,LAR,JAX,DEN,PHI,IND,OAK,NO,OAK,7400,7800,6700,6300,6200,5300,3400,4600,2300,122.21,Scenario2,12
Matt Ryan,Joe Mixon,Frank Gore,Mike Evans,Michael Thomas,Marqise Lee,Evan Engram,LeSean McCoy,Raiders,ATL,CIN,IND,TB,NO,JAX,NYG,BUF,OAK,7400,5700,4000,7400,7300,4500,3000,8400,2300,120.61,Scenario2,13
Tom Brady,Todd Gurley II,Jacquizz Rodgers,Michael Thomas,Jarvis Landry,Alshon Jeffery,Eric Ebron,Frank Gore,Lions,NE,LAR,TB,NO,MIA,PHI,DET,IND,DET,8000,7800,4400,7300,6500,6200,3100,4000,2700,119.76,Scenario2,14
Dak Prescott,Leonard Fournette,Jacquizz Rodgers,Mike Evans,Alshon Jeffery,Tyrell Williams,Charles Clay,LeSean McCoy,Chargers,DAL,JAX,TB,TB,PHI,LAC,BUF,BUF,LAC,6200,6700,4400,7400,6200,4400,3700,8400,2500,118.6,Scenario2,15
Tom Brady,Todd Gurley II,Leonard Fournette,Mike Evans,Tyrell Williams,Ted Ginn Jr.,Jared Cook,Joe Mixon,Lions,NE,LAR,JAX,TB,LAC,NO,OAK,CIN,DET,8000,7800,6700,7400,4400,3900,3400,5700,2700,117.94,Scenario2,16
Russell Wilson,Todd Gurley II,DeMarco Murray,Alshon Jeffery,Golden Tate,Emmanuel Sanders,Jared Cook,Jacquizz Rodgers,Chargers,SEA,LAR,TEN,PHI,DET,DEN,OAK,TB,LAC,7300,7800,6000,6200,6300,6100,3400,4400,2500,117.69,Scenario2,17
Russell Wilson,Todd Gurley II,Joe Mixon,Michael Thomas,Dez Bryant,Tyrell Williams,Charles Clay,Isaiah Crowell,Chargers,SEA,LAR,CIN,NO,DAL,LAC,BUF,CLE,LAC,7300,7800,5700,7300,6500,4400,3700,4800,2500,117.15,Scenario2,18
Tom Brady,DeMarco Murray,Joe Mixon,Michael Thomas,Alshon Jeffery,Emmanuel Sanders,Charles Clay,Ted Ginn Jr.,Vikings,NE,TEN,CIN,NO,PHI,DEN,BUF,NO,MIN,8000,6000,5700,7300,6200,6100,3700,3900,3100,116.78,Scenario2,19
Dak Prescott,DeMarco Murray,Isaiah Crowell,Michael Thomas,Dez Bryant,Golden Tate,Kyle Rudolph,Emmanuel Sanders,Lions,DAL,TEN,CLE,NO,DAL,DET,MIN,DEN,DET,6200,6000,4800,7300,6500,6300,4100,6100,2700,115.98,Scenario2,20
Russell Wilson,Melvin Gordon,DeMarco Murray,Odell Beckham Jr.,Golden Tate,Tyrell Williams,Charles Clay,Ted Ginn Jr.,Cowboys,SEA,LAC,TEN,NYG,DET,LAC,BUF,NO,DAL,7300,7000,6000,8900,6300,4400,3700,3900,2500,115.39,Scenario2,21
Russell Wilson,Melvin Gordon,Isaiah Crowell,Doug Baldwin,DeAndre Hopkins,Emmanuel Sanders,Kyle Rudolph,Ted Ginn Jr.,Bengals,SEA,LAC,CLE,SEA,HOU,DEN,MIN,NO,CIN,7300,7000,4800,6900,6400,6100,4100,3900,3500,114.96,Scenario2,22
Russell Wilson,Melvin Gordon,Isaiah Crowell,Keenan Allen,Dez Bryant,Golden Tate,Antonio Gates,Rishard Matthews,Vikings,SEA,LAC,CLE,LAC,DAL,DET,LAC,TEN,MIN,7300,7000,4800,7200,6500,6300,2900,4900,3100,114.23,Scenario2,23
Dak Prescott,Melvin Gordon,Isaiah Crowell,Odell Beckham Jr.,Dez Bryant,Ted Ginn Jr.,Jimmy Graham,Lamar Miller,Broncos,DAL,LAC,CLE,NYG,DAL,NO,SEA,HOU,DEN,6200,7000,4800,8900,6500,3900,4900,4500,3300,113.83,Scenario2,24
Dak Prescott,Melvin Gordon,Lamar Miller,Keenan Allen,Golden Tate,DeAndre Hopkins,Coby Fleener,Pierre Garcon,Bengals,DAL,LAC,HOU,LAC,DET,HOU,NO,SF,CIN,6200,7000,4500,7200,6300,6400,3400,5500,3500,113.67,Scenario2,25
Blake Bortles,Lamar Miller,Duke Johnson Jr.,Odell Beckham Jr.,Keenan Allen,Dez Bryant,Kyle Rudolph,DeAndre Hopkins,Cowboys,JAX,HOU,CLE,NYG,LAC,DAL,MIN,HOU,DAL,5300,4500,4500,8900,7200,6500,4100,6400,2500,112.79,Scenario2,26
Carson Palmer,Christian McCaffrey,Chris Carson,Keenan Allen,Doug Baldwin,DeAndre Hopkins,Kyle Rudolph,Marvin Jones Jr.,Vikings,ARI,CAR,SEA,LAC,SEA,HOU,MIN,DET,MIN,6100,6800,5400,7200,6900,6400,4100,4000,3100,111.84,Scenario2,27
Blake Bortles,LeGarrette Blount,Christian McCaffrey,Odell Beckham Jr.,Doug Baldwin,DeAndre Hopkins,Coby Fleener,Rishard Matthews,Bengals,JAX,PHI,CAR,NYG,SEA,HOU,NO,TEN,CIN,5300,3900,6800,8900,6900,6400,3400,4900,3500,111.73,Scenario2,28
Carson Palmer,Terrance West,Lamar Miller,Odell Beckham Jr.,Jordan Matthews,Keenan Allen,Jimmy Graham,Doug Baldwin,Bengals,ARI,BAL,HOU,NYG,BUF,LAC,SEA,SEA,CIN,6100,4100,4500,8900,3900,7200,4900,6900,3500,111.61,Scenario2,29
Blake Bortles,Le'Veon Bell,Lamar Miller,Brandin Cooks,Doug Baldwin,Rishard Matthews,Jimmy Graham,Kyle Rudolph,Vikings,JAX,PIT,HOU,NE,SEA,TEN,SEA,MIN,MIN,5300,8700,4500,7600,6900,4900,4900,4100,3100,110.66,Scenario2,30
Carson Palmer,Le'Veon Bell,Christian McCaffrey,Brandin Cooks,Pierre Garcon,Rishard Matthews,Coby Fleener,Duke Johnson Jr.,Cowboys,ARI,PIT,CAR,NE,SF,TEN,NO,CLE,DAL,6100,8700,6800,7600,5500,4900,3400,4500,2500,109.78,Scenario2,31
Blake Bortles,Le'Veon Bell,Christian McCaffrey,Sammy Watkins,Pierre Garcon,Marvin Jones Jr.,Jimmy Graham,Chris Carson,Patriots,JAX,PIT,CAR,LAR,SF,DET,SEA,SEA,NE,5300,8700,6800,5900,5500,4000,4900,5400,3400,109.48,Scenario2,32
Blake Bortles,Le'Veon Bell,Christian McCaffrey,Jordan Matthews,Rishard Matthews,DeSean Jackson,Zach Ertz,C.J. Anderson,Broncos,JAX,PIT,CAR,BUF,TEN,TB,PHI,DEN,DEN,5300,8700,6800,3900,4900,5200,6300,5600,3300,108.83,Scenario2,33
Carson Palmer,Le'Veon Bell,Chris Carson,Jordan Matthews,Brandin Cooks,Mohamed Sanu,Zach Ertz,Marvin Jones Jr.,Cardinals,ARI,PIT,SEA,BUF,NE,ATL,PHI,DET,ARI,6100,8700,5400,3900,7600,4800,6300,4000,3200,108.53,Scenario2,34
Carson Palmer,Jay Ajayi,Tevin Coleman,Antonio Brown,Pierre Garcon,Marvin Jones Jr.,Jimmy Graham,Duke Johnson Jr.,Broncos,ARI,MIA,ATL,PIT,SF,DET,SEA,CLE,DEN,6100,7400,5000,9300,5500,4000,4900,4500,3300,108.31,Scenario2,35
Trevor Siemian,Chris Carson,Mike Gillislee,Brandin Cooks,DeVante Parker,Pierre Garcon,Zach Ertz,Duke Johnson Jr.,Patriots,DEN,SEA,NE,NE,MIA,SF,PHI,CLE,NE,5200,5400,5400,7600,6700,5500,6300,4500,3400,107.87,Scenario2,36
Trevor Siemian,Jay Ajayi,Chris Carson,Antonio Brown,Brandin Cooks,DeSean Jackson,Coby Fleener,Marvin Jones Jr.,Cowboys,DEN,MIA,SEA,PIT,NE,TB,NO,DET,DAL,5200,7400,5400,9300,7600,5200,3400,4000,2500,107.41,Scenario2,37
Matthew Stafford,C.J. Anderson,Tevin Coleman,Jordan Matthews,Antonio Brown,Sammy Watkins,Zach Ertz,Duke Johnson Jr.,Patriots,DET,DEN,ATL,BUF,PIT,LAR,PHI,CLE,NE,6000,5600,5000,3900,9300,5900,6300,4500,3400,106.95,Scenario2,38
Trevor Siemian,Terrance West,Tevin Coleman,Antonio Brown,A.J. Green,Mohamed Sanu,Coby Fleener,Zach Ertz,Broncos,DEN,BAL,ATL,PIT,CIN,ATL,NO,PHI,DEN,5200,4100,5000,9300,8600,4800,3400,6300,3300,106.59,Scenario2,39
Trevor Siemian,Jay Ajayi,Mike Gillislee,Antonio Brown,Sammy Watkins,Willie Snead,Jack Doyle,Sterling Shepard,Patriots,DEN,MIA,NE,PIT,LAR,NO,IND,NYG,NE,5200,7400,5400,9300,5900,5000,3400,5000,3400,106.37,Scenario2,40
Trevor Siemian,Jay Ajayi,C.J. Anderson,Jordan Matthews,A.J. Green,DeVante Parker,Delanie Walker,Kenny Stills,Patriots,DEN,MIA,DEN,BUF,CIN,MIA,TEN,MIA,NE,5200,7400,5600,3900,8600,6700,4900,4300,3400,106.17,Scenario2,41
Matthew Stafford,C.J. Anderson,Mike Gillislee,A.J. Green,DeVante Parker,Sammy Watkins,Jack Doyle,DeSean Jackson,Cardinals,DET,DEN,NE,CIN,MIA,LAR,IND,TB,ARI,6000,5600,5400,8600,6700,5900,3400,5200,3200,105.96,Scenario2,42
Matthew Stafford,Terrance West,Jay Ajayi,A.J. Green,Adam Thielen,Willie Snead,Delanie Walker,Tevin Coleman,Cardinals,DET,BAL,MIA,CIN,MIN,NO,TEN,ATL,ARI,6000,4100,7400,8600,5800,5000,4900,5000,3200,105.66,Scenario2,43
Matthew Stafford,Tevin Coleman,Marshawn Lynch,A.J. Green,Sammy Watkins,Sterling Shepard,Rob Gronkowski,Kenny Stills,Jaguars,DET,ATL,OAK,CIN,LAR,NYG,NE,MIA,JAX,6000,5000,5000,8600,5900,5000,6600,4300,3600,105.3,Scenario2,44
Philip Rivers,C.J. Anderson,Mike Gillislee,DeVante Parker,Adam Thielen,Willie Snead,Rob Gronkowski,Sterling Shepard,Jaguars,LAC,DEN,NE,MIA,MIN,NO,NE,NYG,JAX,6300,5600,5400,6700,5800,5000,6600,5000,3600,104.9,Scenario2,45
Matthew Stafford,Mike Gillislee,Marshawn Lynch,DeVante Parker,Michael Crabtree,Chris Hogan,Rob Gronkowski,Delanie Walker,Falcons,DET,NE,OAK,MIA,OAK,NE,NE,TEN,ATL,6000,5400,5000,6700,6200,6000,6600,4900,3200,104.13,Scenario2,46
Philip Rivers,Carlos Hyde,Marshawn Lynch,Michael Crabtree,Adam Thielen,DeSean Jackson,Rob Gronkowski,Mohamed Sanu,Cardinals,LAC,SF,OAK,OAK,MIN,TB,NE,ATL,ARI,6300,6600,5000,6200,5800,5200,6600,4800,3200,103.09,Scenario2,47
Jay Cutler,Terrance West,Marshawn Lynch,Stefon Diggs,Adam Thielen,Chris Hogan,Rob Gronkowski,Amari Cooper,Jaguars,MIA,BAL,OAK,MIN,MIN,NE,NE,OAK,JAX,5800,4100,5000,7100,5800,6000,6600,6000,3600,102.36,Scenario2,48
Philip Rivers,Carlos Hyde,Marshawn Lynch,Stefon Diggs,Chris Hogan,Willie Snead,Delanie Walker,Sterling Shepard,Seahawks,LAC,SF,OAK,MIN,NE,NO,TEN,NYG,SEA,6300,6600,5000,7100,6000,5000,4900,5000,4100,101.61,Scenario2,49
Jameis Winston,LeGarrette Blount,Carlos Hyde,Stefon Diggs,Michael Crabtree,Adam Thielen,Delanie Walker,Amari Cooper,Falcons,TB,PHI,SF,MIN,OAK,MIN,TEN,OAK,ATL,5900,3900,6600,7100,6200,5800,4900,6000,3200,101.02,Scenario2,50
