Position,Name,Salary,GameInfo,AvgPointsPerGame,teamAbbrev,Pos,,,,,
RB,Le'Veon Bell,9800,PIT@CLE 01:00PM ET,26.293,PIT,RB,,,,,
RB,David Johnson,9400,ARI@DET 01:00PM ET,26.613,ARI,RB,,,,,
WR,Antonio Brown,8800,PIT@CLE 01:00PM ET,21.456,PIT,WR,,,,,
WR,Julio Jones,8500,ATL@CHI 01:00PM ET,20.094,ATL,WR,,,,,
WR,Odell Beckham Jr.,8300,NYG@DAL 08:30PM ET,18.612,NYG,WR,,,,,
RB,LeSean McCoy,8200,NYJ@BUF 01:00PM ET,21.287,BUF,RB,,,,,
RB,Ezekiel Elliott,8100,NYG@DAL 08:30PM ET,22.731,DAL,RB,,,,,
WR,A.J. Green,8000,BAL@CIN 01:00PM ET,19.84,CIN,WR,,,,,
WR,Mike Evans,7800,Postponed,19.756,TB,WR,,,,,
WR,Brandin Cooks,7700,KC@NE 08:30PM ET,15.956,NE,WR,,,,,
QB,Tom Brady,7600,KC@NE 08:30PM ET,23.086,NE,QB,,,,,
WR,Jordy Nelson,7600,SEA@GB 04:25PM ET,18.983,GB,WR,,,,,
WR,Dez Bryant,7500,NYG@DAL 08:30PM ET,16.229,DAL,WR,,,,,
RB,DeMarco Murray,7400,OAK@TEN 01:00PM ET,19.363,TEN,RB,,,,,
WR,Michael Thomas,7400,NO@MIN 07:10PM ET,17.78,NO,WR,,,,,
QB,Ben Roethlisberger,7300,PIT@CLE 01:00PM ET,18.98,PIT,QB,,,,,
WR,Amari Cooper,7200,OAK@TEN 01:00PM ET,14.547,OAK,WR,,,,,
QB,Drew Brees,7200,NO@MIN 07:10PM ET,23.833,NO,QB,,,,,
QB,Cam Newton,7100,CAR@SF 04:25PM ET,18.617,CAR,QB,,,,,
RB,Devonta Freeman,7000,ATL@CHI 01:00PM ET,18.444,ATL,RB,,,,,
QB,Aaron Rodgers,7000,SEA@GB 04:25PM ET,26.073,GB,QB,,,,,
QB,Matt Ryan,6900,ATL@CHI 01:00PM ET,24.759,ATL,QB,,,,,
WR,T.Y. Hilton,6900,IND@LAR 04:05PM ET,18.238,IND,WR,,,,,
QB,Russell Wilson,6900,SEA@GB 04:25PM ET,18.257,SEA,QB,,,,,
TE,Rob Gronkowski,6800,KC@NE 08:30PM ET,13.25,NE,TE,,,,,
QB,Marcus Mariota,6800,OAK@TEN 01:00PM ET,18.463,TEN,QB,,,,,
QB,Derek Carr,6700,OAK@TEN 01:00PM ET,19.299,OAK,QB,,,,,
WR,Doug Baldwin,6700,SEA@GB 04:25PM ET,17.372,SEA,WR,,,,,
QB,Jameis Winston,6600,Postponed,18.069,TB,QB,,,,,
RB,Melvin Gordon,6600,LAC@DEN 10:20PM ET,20.123,LAC,RB,,,,,
WR,Golden Tate,6500,ARI@DET 01:00PM ET,14.035,DET,WR,,,,,
RB,Jay Ajayi,6500,Postponed,14.738,MIA,RB,,,,,
QB,Andrew Luck,6500,IND@LAR 04:05PM ET,22.713,IND,QB,,,,,
QB,Kirk Cousins,6400,PHI@WAS 01:00PM ET,21.018,WAS,QB,,,,,
RB,Jordan Howard,6300,ATL@CHI 01:00PM ET,16.807,CHI,RB,,,,,
QB,Dak Prescott,6300,NYG@DAL 08:30PM ET,19.427,DAL,QB,,,,,
WR,Demaryius Thomas,6300,LAC@DEN 10:20PM ET,14.644,DEN,WR,,,,,
QB,Tyrod Taylor,6200,NYJ@BUF 01:00PM ET,18.795,BUF,QB,,,,,
WR,Sammy Watkins,6200,IND@LAR 04:05PM ET,10.75,LAR,WR,,,,,
TE,Greg Olsen,6200,CAR@SF 04:25PM ET,13.331,CAR,TE,,,,,
QB,Matthew Stafford,6100,ARI@DET 01:00PM ET,18.44,DET,QB,,,,,
WR,Terrelle Pryor Sr.,6100,PHI@WAS 01:00PM ET,13.903,WAS,WR,,,,,
RB,Darren McFadden,6100,NYG@DAL 08:30PM ET,3.35,DAL,RB,,,,,
WR,Keenan Allen,6100,LAC@DEN 10:20PM ET,12.3,LAC,WR,,,,,
WR,Martavis Bryant,6000,PIT@CLE 01:00PM ET,0,PIT,WR,,,,,
QB,Carson Palmer,6000,ARI@DET 01:00PM ET,18.608,ARI,QB,,,,,
WR,Michael Crabtree,6000,OAK@TEN 01:00PM ET,14.918,OAK,WR,,,,,
RB,Todd Gurley,6000,IND@LAR 04:05PM ET,12.45,LAR,RB,,,,,
WR,Stefon Diggs,6000,NO@MIN 07:10PM ET,15.562,MIN,WR,,,,,
WR,Larry Fitzgerald,5900,ARI@DET 01:00PM ET,15.488,ARI,WR,,,,,
WR,DeAndre Hopkins,5900,JAX@HOU 01:00PM ET,12.978,HOU,WR,,,,,
TE,Jordan Reed,5900,PHI@WAS 01:00PM ET,13.046,WAS,TE,,,,,
WR,Kelvin Benjamin,5900,CAR@SF 04:25PM ET,12.569,CAR,WR,,,,,
QB,Sam Bradford,5900,NO@MIN 07:10PM ET,15.859,MIN,QB,,,,,
RB,Dalvin Cook,5900,NO@MIN 07:10PM ET,0,MIN,RB,,,,,
RB,Kareem Hunt,5800,KC@NE 08:30PM ET,0,KC,RB,,,,,
QB,Jimmy Garoppolo,5800,KC@NE 08:30PM ET,6.163,NE,QB,,,,,
WR,Alshon Jeffery,5800,PHI@WAS 01:00PM ET,12.425,PHI,WR,,,,,
RB,Ty Montgomery,5800,SEA@GB 04:25PM ET,10.183,GB,RB,,,,,
QB,Philip Rivers,5800,LAC@DEN 10:20PM ET,18.934,LAC,QB,,,,,
WR,Tyreek Hill,5700,KC@NE 08:30PM ET,13.324,KC,WR,,,,,
QB,Andy Dalton,5700,BAL@CIN 01:00PM ET,17.728,CIN,QB,,,,,
RB,Leonard Fournette,5700,JAX@HOU 01:00PM ET,0,JAX,RB,,,,,
TE,Travis Kelce,5600,KC@NE 08:30PM ET,14.924,KC,TE,,,,,
WR,Jamison Crowder,5600,PHI@WAS 01:00PM ET,12.969,WAS,WR,,,,,
QB,Eli Manning,5600,NYG@DAL 08:30PM ET,15.955,NYG,QB,,,,,
QB,Joe Flacco,5500,BAL@CIN 01:00PM ET,17.03,BAL,QB,,,,,
RB,Joe Mixon,5500,BAL@CIN 01:00PM ET,0,CIN,RB,,,,,
RB,Derrick Henry,5500,OAK@TEN 01:00PM ET,6.606,TEN,RB,,,,,
QB,Derek Anderson,5500,CAR@SF 04:25PM ET,4.504,CAR,QB,,,,,
QB,Alex Smith,5400,KC@NE 08:30PM ET,15.66,KC,QB,,,,,
RB,Tevin Coleman,5400,ATL@CHI 01:00PM ET,15.093,ATL,RB,,,,,
QB,Jay Cutler,5400,Postponed,10.752,MIA,QB,,,,,
WR,Jarvis Landry,5400,Postponed,15.853,MIA,WR,,,,,
RB,Christian McCaffrey,5400,CAR@SF 04:25PM ET,0,CAR,RB,,,,,
RB,Isaiah Crowell,5300,PIT@CLE 01:00PM ET,13.694,CLE,RB,,,,,
WR,DeVante Parker,5300,Postponed,10.619,MIA,WR,,,,,
RB,Marshawn Lynch,5300,OAK@TEN 01:00PM ET,0,OAK,RB,,,,,
QB,Carson Wentz,5300,PHI@WAS 01:00PM ET,15.186,PHI,QB,,,,,
WR,Randall Cobb,5300,SEA@GB 04:25PM ET,13.519,GB,WR,,,,,
WR,Pierre Garcon,5300,CAR@SF 04:25PM ET,12.756,SF,WR,,,,,
RB,Danny Woodhead,5200,BAL@CIN 01:00PM ET,13.55,BAL,RB,,,,,
WR,Allen Robinson,5200,JAX@HOU 01:00PM ET,12.831,JAX,WR,,,,,
QB,Colt McCoy,5200,PHI@WAS 01:00PM ET,0,WAS,QB,,,,,
WR,Davante Adams,5200,SEA@GB 04:25PM ET,16.442,GB,WR,,,,,
WR,Emmanuel Sanders,5200,LAC@DEN 10:20PM ET,13.85,DEN,WR,,,,,
RB,Lamar Miller,5100,JAX@HOU 01:00PM ET,14.394,HOU,RB,,,,,
TE,Jimmy Graham,5100,SEA@GB 04:25PM ET,12.122,SEA,TE,,,,,
QB,Brian Hoyer,5100,CAR@SF 04:25PM ET,15.433,SF,QB,,,,,
WR,Brandon Marshall,5100,NYG@DAL 08:30PM ET,10.787,NYG,WR,,,,,
WR,Cameron Meredith,5000,ATL@CHI 01:00PM ET,13.82,CHI,WR,,,,,
WR,Jeremy Maclin,5000,BAL@CIN 01:00PM ET,8.792,BAL,WR,,,,,
QB,Ryan Tannehill,5000,Postponed,16.246,MIA,QB,,,,,
WR,Eric Decker,5000,OAK@TEN 01:00PM ET,14.467,TEN,WR,,,,,
WR,Donte Moncrief,5000,IND@LAR 04:05PM ET,11.4,IND,WR,,,,,
RB,Eddie Lacy,5000,SEA@GB 04:25PM ET,9.16,SEA,RB,,,,,
RB,Jonathan Stewart,5000,CAR@SF 04:25PM ET,11.646,CAR,RB,,,,,
QB,Trevor Siemian,5000,LAC@DEN 10:20PM ET,15.196,DEN,QB,,,,,
RB,Bilal Powell,4900,NYJ@BUF 01:00PM ET,12.75,NYJ,RB,,,,,
QB,Mike Glennon,4900,ATL@CHI 01:00PM ET,4.5,CHI,QB,,,,,
QB,Matt Moore,4900,Postponed,10.071,MIA,QB,,,,,
WR,DeSean Jackson,4900,Postponed,12.219,TB,WR,,,,,
RB,Jacquizz Rodgers,4900,Postponed,9.68,TB,RB,,,,,
WR,Willie Snead,4900,NO@MIN 07:10PM ET,12.967,NO,WR,,,,,
WR,Tyrell Williams,4900,LAC@DEN 10:20PM ET,14.119,LAC,WR,,,,,
RB,Mike Gillislee,4800,KC@NE 08:30PM ET,8.38,NE,RB,,,,,
WR,Chris Hogan,4800,KC@NE 08:30PM ET,11.259,NE,WR,,,,,
RB,Matt Forte,4800,NYJ@BUF 01:00PM ET,13.614,NYJ,RB,,,,,
WR,Kenny Britt,4800,PIT@CLE 01:00PM ET,13.547,CLE,WR,,,,,
QB,Cody Kessler,4800,PIT@CLE 01:00PM ET,9.222,CLE,QB,,,,,
QB,DeShone Kizer,4800,PIT@CLE 01:00PM ET,0,CLE,QB,,,,,
WR,John Brown,4800,ARI@DET 01:00PM ET,7.113,ARI,WR,,,,,
QB,Tom Savage,4800,JAX@HOU 01:00PM ET,6.213,HOU,QB,,,,,
QB,Blake Bortles,4800,JAX@HOU 01:00PM ET,19.256,JAX,QB,,,,,
QB,Deshaun Watson,4800,JAX@HOU 01:00PM ET,0,HOU,QB,,,,,
QB,Ryan Fitzpatrick,4800,Postponed,11.029,TB,QB,,,,,
RB,Doug Martin,4800,Postponed,10.813,TB,RB,,,,,
QB,Jared Goff,4800,IND@LAR 04:05PM ET,7.77,LAR,QB,,,,,
RB,Thomas Rawls,4800,SEA@GB 04:25PM ET,9.827,SEA,RB,,,,,
QB,Geno Smith,4800,NYG@DAL 08:30PM ET,4.47,NYG,QB,,,,,
WR,Adam Thielen,4800,NO@MIN 07:10PM ET,12.825,MIN,WR,,,,,
RB,Mark Ingram,4800,NO@MIN 07:10PM ET,15.825,NO,RB,,,,,
QB,Patrick Mahomes II,4700,KC@NE 08:30PM ET,0,KC,QB,,,,,
QB,AJ McCarron,4700,BAL@CIN 01:00PM ET,0,CIN,QB,,,,,
RB,Terrance West,4700,BAL@CIN 01:00PM ET,10.875,BAL,RB,,,,,
QB,Landry Jones,4700,PIT@CLE 01:00PM ET,4.49,PIT,QB,,,,,
RB,Theo Riddick,4700,ARI@DET 01:00PM ET,16.18,DET,RB,,,,,
QB,Brett Hundley,4700,SEA@GB 04:25PM ET,0.176,GB,QB,,,,,
QB,Colin Kaepernick,4700,CAR@SF 04:25PM ET,17.787,SF,QB,,,,,
WR,Cole Beasley,4700,NYG@DAL 08:30PM ET,11.618,DAL,WR,,,,,
QB,Case Keenum,4700,NO@MIN 07:10PM ET,10.512,MIN,QB,,,,,
TE,Kyle Rudolph,4700,NO@MIN 07:10PM ET,13.25,MIN,TE,,,,,
QB,Josh McCown,4600,NYJ@BUF 01:00PM ET,13.62,NYJ,QB,,,,,
QB,Mitchell Trubisky,4600,ATL@CHI 01:00PM ET,0,CHI,QB,,,,,
TE,Tyler Eifert,4600,BAL@CIN 01:00PM ET,12.675,CIN,TE,,,,,
RB,Duke Johnson Jr.,4600,PIT@CLE 01:00PM ET,9.075,CLE,RB,,,,,
QB,Nick Foles,4600,PHI@WAS 01:00PM ET,9.333,PHI,QB,,,,,
RB,Carlos Hyde,4600,CAR@SF 04:25PM ET,15.469,SF,RB,,,,,
QB,Chase Daniel,4600,NO@MIN 07:10PM ET,0.32,NO,QB,,,,,
QB,Paxton Lynch,4600,LAC@DEN 10:20PM ET,9.793,DEN,QB,,,,,
RB,C.J. Anderson,4600,LAC@DEN 10:20PM ET,15.071,DEN,RB,,,,,
QB,Matt Schaub,4500,ATL@CHI 01:00PM ET,0.088,ATL,QB,,,,,
WR,Mike Wallace,4500,BAL@CIN 01:00PM ET,13.05,BAL,WR,,,,,
QB,Ryan Mallett,4500,BAL@CIN 01:00PM ET,-0.14,BAL,QB,,,,,
RB,Giovani Bernard,4500,BAL@CIN 01:00PM ET,12.63,CIN,RB,,,,,
RB,James Conner,4500,PIT@CLE 01:00PM ET,0,PIT,RB,,,,,
QB,Blaine Gabbert,4500,ARI@DET 01:00PM ET,13.283,ARI,QB,,,,,
QB,Matt Cassel,4500,OAK@TEN 01:00PM ET,3.532,TEN,QB,,,,,
QB,Connor Cook,4500,OAK@TEN 01:00PM ET,3.86,OAK,QB,,,,,
RB,LeGarrette Blount,4500,PHI@WAS 01:00PM ET,14.528,PHI,RB,,,,,
QB,Scott Tolzien,4500,IND@LAR 04:05PM ET,2.735,IND,QB,,,,,
QB,Trevone Boykin,4500,SEA@GB 04:25PM ET,1.483,SEA,QB,,,,,
RB,Adrian Peterson,4500,NO@MIN 07:10PM ET,3.333,NO,RB,,,,,
QB,Brock Osweiler,4500,LAC@DEN 10:20PM ET,12.64,DEN,QB,,,,,
RB,Rex Burkhead,4400,KC@NE 08:30PM ET,4.994,NE,RB,,,,,
WR,Jordan Matthews,4400,NYJ@BUF 01:00PM ET,12.457,BUF,WR,,,,,
QB,Christian Hackenberg,4400,NYJ@BUF 01:00PM ET,0,NYJ,QB,,,,,
RB,Jeremy Hill,4400,BAL@CIN 01:00PM ET,12.153,CIN,RB,,,,,
WR,Corey Coleman,4400,PIT@CLE 01:00PM ET,9.63,CLE,WR,,,,,
WR,Tyler Lockett,4400,SEA@GB 04:25PM ET,8.473,SEA,WR,,,,,
QB,Kellen Moore,4400,NYG@DAL 08:30PM ET,0,DAL,QB,,,,,
RB,Alfred Morris,4400,NYG@DAL 08:30PM ET,2.886,DAL,RB,,,,,
QB,Cardale Jones,4400,LAC@DEN 10:20PM ET,2.74,LAC,QB,,,,,
WR,Danny Amendola,4300,KC@NE 08:30PM ET,5.357,NE,WR,,,,,
QB,Mark Sanchez,4300,ATL@CHI 01:00PM ET,0.507,CHI,QB,,,,,
RB,Ameer Abdullah,4300,ARI@DET 01:00PM ET,13.4,DET,RB,,,,,
QB,Chad Henne,4300,JAX@HOU 01:00PM ET,-0.2,JAX,QB,,,,,
TE,Delanie Walker,4300,OAK@TEN 01:00PM ET,12.74,TEN,TE,,,,,
RB,Rob Kelley,4300,PHI@WAS 01:00PM ET,9.04,WAS,RB,,,,,
RB,Frank Gore,4300,IND@LAR 04:05PM ET,13.825,IND,RB,,,,,
QB,Sean Mannion,4300,IND@LAR 04:05PM ET,-0.113,LAR,QB,,,,,
WR,Devin Funchess,4300,CAR@SF 04:25PM ET,5.74,CAR,WR,,,,,
RB,Paul Perkins,4300,NYG@DAL 08:30PM ET,5.9,NYG,RB,,,,,
QB,T.J. Yates,4200,NYJ@BUF 01:00PM ET,0,BUF,QB,,,,,
WR,Mohamed Sanu,4200,ATL@CHI 01:00PM ET,10.061,ATL,WR,,,,,
WR,Kevin White,4200,ATL@CHI 01:00PM ET,9.65,CHI,WR,,,,,
RB,Alfred Blue,4200,JAX@HOU 01:00PM ET,3.975,HOU,RB,,,,,
WR,Rishard Matthews,4200,OAK@TEN 01:00PM ET,13.844,TEN,WR,,,,,
RB,Samaje Perine,4200,PHI@WAS 01:00PM ET,0,WAS,RB,,,,,
RB,Latavius Murray,4200,NO@MIN 07:10PM ET,15.153,MIN,RB,,,,,
WR,Ted Ginn Jr.,4200,NO@MIN 07:10PM ET,10.25,NO,WR,,,,,
RB,Jamaal Charles,4200,LAC@DEN 10:20PM ET,4.467,DEN,RB,,,,,
QB,Drew Stanton,4100,ARI@DET 01:00PM ET,2.476,ARI,QB,,,,,
WR,Marvin Jones Jr.,4100,ARI@DET 01:00PM ET,11.9,DET,WR,,,,,
RB,D'Onta Foreman,4100,JAX@HOU 01:00PM ET,0,HOU,RB,,,,,
RB,Kenyan Drake,4100,Postponed,2.912,MIA,RB,,,,,
RB,DeAndre Washington,4100,OAK@TEN 01:00PM ET,5.488,OAK,RB,,,,,
TE,Martellus Bennett,4100,SEA@GB 04:25PM ET,10.372,GB,TE,,,,,
RB,C.J. Prosise,4100,SEA@GB 04:25PM ET,10.167,SEA,RB,,,,,
RB,Tim Hightower,4100,CAR@SF 04:25PM ET,8.113,SF,RB,,,,,
WR,Sterling Shepard,4100,NYG@DAL 08:30PM ET,11.629,NYG,WR,,,,,
QB,Tyler Bray,4000,KC@NE 08:30PM ET,0,KC,QB,,,,,
QB,Joel Stave,4000,KC@NE 08:30PM ET,0,KC,QB,,,,,
RB,Charcandrick West,4000,KC@NE 08:30PM ET,6.025,KC,RB,,,,,
QB,Joe Webb,4000,NYJ@BUF 01:00PM ET,0.093,BUF,QB,,,,,
QB,Bryce Petty,4000,NYJ@BUF 01:00PM ET,6.71,NYJ,QB,,,,,
QB,Nathan Peterman,4000,NYJ@BUF 01:00PM ET,0,BUF,QB,,,,,
QB,Keith Wenning,4000,NYJ@BUF 01:00PM ET,0,BUF,QB,,,,,
QB,Matt Simms,4000,ATL@CHI 01:00PM ET,0,ATL,QB,,,,,
QB,Connor Shaw,4000,ATL@CHI 01:00PM ET,0,CHI,QB,,,,,
WR,Taylor Gabriel,4000,ATL@CHI 01:00PM ET,10.367,ATL,WR,,,,,
QB,Alek Torgersen,4000,ATL@CHI 01:00PM ET,0,ATL,QB,,,,,
QB,Jeff Driskel,4000,BAL@CIN 01:00PM ET,0,CIN,QB,,,,,
QB,Dustin Vaughan,4000,BAL@CIN 01:00PM ET,0,BAL,QB,,,,,
QB,Thad Lewis,4000,BAL@CIN 01:00PM ET,0,BAL,QB,,,,,
QB,Robert Griffin III,4000,PIT@CLE 01:00PM ET,14.088,CLE,QB,,,,,
WR,Josh Gordon,4000,PIT@CLE 01:00PM ET,0,CLE,WR,,,,,
RB,Fitzgerald Toussaint,4000,PIT@CLE 01:00PM ET,0.672,PIT,RB,,,,,
WR,Justin Hunter,4000,PIT@CLE 01:00PM ET,4.069,PIT,WR,,,,,
QB,Kevin Hogan,4000,PIT@CLE 01:00PM ET,5.415,CLE,QB,,,,,
QB,Josh Woodrum,4000,PIT@CLE 01:00PM ET,0,CLE,QB,,,,,
QB,Bart Houston,4000,PIT@CLE 01:00PM ET,0,PIT,QB,,,,,
QB,Joshua Dobbs,4000,PIT@CLE 01:00PM ET,0,PIT,QB,,,,,
QB,Jake Rudock,4000,ARI@DET 01:00PM ET,0,DET,QB,,,,,
QB,Trevor Knight,4000,ARI@DET 01:00PM ET,0,ARI,QB,,,,,
QB,Brandon Weeden,4000,JAX@HOU 01:00PM ET,0,HOU,QB,,,,,
QB,Ryan Griffin,4000,Postponed,0,TB,QB,,,,,
QB,David Fales,4000,Postponed,0.44,MIA,QB,,,,,
QB,Brandon Doughty,4000,Postponed,0,MIA,QB,,,,,
QB,Sefo Liufau,4000,Postponed,0,TB,QB,,,,,
QB,EJ Manuel,4000,OAK@TEN 01:00PM ET,1.206,OAK,QB,,,,,
QB,Alex Tanney,4000,OAK@TEN 01:00PM ET,0,TEN,QB,,,,,
QB,Tyler Ferguson,4000,OAK@TEN 01:00PM ET,0,TEN,QB,,,,,
WR,Corey Davis,4000,OAK@TEN 01:00PM ET,0,TEN,WR,,,,,
QB,Matt McGloin,4000,PHI@WAS 01:00PM ET,0.425,PHI,QB,,,,,
QB,Dane Evans,4000,PHI@WAS 01:00PM ET,0,PHI,QB,,,,,
QB,Nate Sudfeld,4000,PHI@WAS 01:00PM ET,0,WAS,QB,,,,,
QB,Jacoby Brissett,4000,IND@LAR 04:05PM ET,9.767,IND,QB,,,,,
QB,Dan Orlovsky,4000,IND@LAR 04:05PM ET,0,LAR,QB,,,,,
RB,Robert Turbin,4000,IND@LAR 04:05PM ET,7.22,IND,RB,,,,,
QB,Stephen Morris,4000,IND@LAR 04:05PM ET,0,IND,QB,,,,,
WR,Robert Woods,4000,IND@LAR 04:05PM ET,9.377,LAR,WR,,,,,
QB,Brandon Allen,4000,IND@LAR 04:05PM ET,0,LAR,QB,,,,,
QB,Phillip Walker,4000,IND@LAR 04:05PM ET,0,IND,QB,,,,,
QB,Austin Davis,4000,SEA@GB 04:25PM ET,0,SEA,QB,,,,,
QB,Joe Callahan,4000,SEA@GB 04:25PM ET,0,GB,QB,,,,,
QB,Matt Barkley,4000,CAR@SF 04:25PM ET,13.834,SF,QB,,,,,
QB,Garrett Gilbert,4000,CAR@SF 04:25PM ET,0,CAR,QB,,,,,
QB,C.J. Beathard,4000,CAR@SF 04:25PM ET,0,SF,QB,,,,,
QB,Nick Mullens,4000,CAR@SF 04:25PM ET,0,SF,QB,,,,,
QB,Brad Kaaya,4000,CAR@SF 04:25PM ET,0,CAR,QB,,,,,
RB,Joe Williams,4000,CAR@SF 04:25PM ET,0,SF,RB,,,,,
QB,Luke McCown,4000,NYG@DAL 08:30PM ET,0,DAL,QB,,,,,
QB,Josh Johnson,4000,NYG@DAL 08:30PM ET,0,NYG,QB,,,,,
QB,Cooper Rush,4000,NYG@DAL 08:30PM ET,0,DAL,QB,,,,,
QB,Davis Webb,4000,NYG@DAL 08:30PM ET,0,NYG,QB,,,,,
QB,Mitch Leidner,4000,NO@MIN 07:10PM ET,0,MIN,QB,,,,,
QB,Taylor Heinicke,4000,NO@MIN 07:10PM ET,0,MIN,QB,,,,,
QB,Teddy Bridgewater,4000,NO@MIN 07:10PM ET,0,MIN,QB,,,,,
QB,Ryan Nassib,4000,NO@MIN 07:10PM ET,0,NO,QB,,,,,
QB,Garrett Grayson,4000,NO@MIN 07:10PM ET,0,NO,QB,,,,,
QB,Taysom Hill,4000,NO@MIN 07:10PM ET,0,NO,QB,,,,,
QB,Chad Kelly,4000,LAC@DEN 10:20PM ET,0,DEN,QB,,,,,
QB,Kyle Sloter,4000,LAC@DEN 10:20PM ET,0,DEN,QB,,,,,
QB,Kellen Clemens,4000,LAC@DEN 10:20PM ET,-0.008,LAC,QB,,,,,
QB,Mike Bercovici,4000,LAC@DEN 10:20PM ET,0,LAC,QB,,,,,
RB,Branden Oliver,4000,LAC@DEN 10:20PM ET,0,LAC,RB,,,,,
RB,James White,3900,KC@NE 08:30PM ET,9.689,NE,RB,,,,,
DST,Bills ,3900,NYJ@BUF 01:00PM ET,6.5,BUF,DST,,,,,
RB,Jonathan Williams,3900,NYJ@BUF 01:00PM ET,1.309,BUF,RB,,,,,
RB,Jeremy Langford,3900,ATL@CHI 01:00PM ET,6.267,CHI,RB,,,,,
WR,Eli Rogers,3900,PIT@CLE 01:00PM ET,9.513,PIT,WR,,,,,
RB,Chris Johnson,3900,ARI@DET 01:00PM ET,3.875,ARI,RB,,,,,
WR,Braxton Miller,3900,JAX@HOU 01:00PM ET,3.09,HOU,WR,,,,,
RB,T.J. Yeldon,3900,JAX@HOU 01:00PM ET,9.247,JAX,RB,,,,,
RB,Charles Sims,3900,Postponed,9.843,TB,RB,,,,,
RB,Jalen Richard,3900,OAK@TEN 01:00PM ET,6.976,OAK,RB,,,,,
RB,Darren Sproles,3900,PHI@WAS 01:00PM ET,11.033,PHI,RB,,,,,
RB,Malcolm Brown,3900,IND@LAR 04:05PM ET,0.656,LAR,RB,,,,,
RB,Jamaal Williams,3900,SEA@GB 04:25PM ET,0,GB,RB,,,,,
TE,Jason Witten,3900,NYG@DAL 08:30PM ET,10.247,DAL,TE,,,,,
RB,Rod Smith,3900,NYG@DAL 08:30PM ET,0.2,DAL,RB,,,,,
RB,Dion Lewis,3800,KC@NE 08:30PM ET,9.333,NE,RB,,,,,
WR,Jeremy Kerley,3800,NYJ@BUF 01:00PM ET,9.419,NYJ,WR,,,,,
WR,Robby Anderson,3800,NYJ@BUF 01:00PM ET,7.244,NYJ,WR,,,,,
WR,Sammie Coates,3800,PIT@CLE 01:00PM ET,5.076,CLE,WR,,,,,
RB,Kerwynn Williams,3800,ARI@DET 01:00PM ET,2.93,ARI,RB,,,,,
RB,Zach Zenner,3800,ARI@DET 01:00PM ET,7.253,DET,RB,,,,,
DST,Texans ,3800,JAX@HOU 01:00PM ET,6.222,HOU,DST,,,,,
WR,Marqise Lee,3800,JAX@HOU 01:00PM ET,11.588,JAX,WR,,,,,
WR,Will Fuller V,3800,JAX@HOU 01:00PM ET,9.156,HOU,WR,,,,,
WR,Kenny Stills,3800,Postponed,10.871,MIA,WR,,,,,
RB,Damien Williams,3800,Postponed,6.45,MIA,RB,,,,,
WR,Nelson Agholor,3800,PHI@WAS 01:00PM ET,5.86,PHI,WR,,,,,
RB,Wendell Smallwood,3800,PHI@WAS 01:00PM ET,4.131,PHI,RB,,,,,
WR,Tavon Austin,3800,IND@LAR 04:05PM ET,9.853,LAR,WR,,,,,
RB,Shane Vereen,3800,NYG@DAL 08:30PM ET,8.04,NYG,RB,,,,,
WR,Terrance Williams,3800,NYG@DAL 08:30PM ET,8.071,DAL,WR,,,,,
WR,Malcolm Mitchell,3700,KC@NE 08:30PM ET,6.507,NE,WR,,,,,
WR,ArDarius Stewart,3700,NYJ@BUF 01:00PM ET,0,NYJ,WR,,,,,
WR,Brandon LaFell,3700,BAL@CIN 01:00PM ET,11.813,CIN,WR,,,,,
WR,J.J. Nelson,3700,ARI@DET 01:00PM ET,9.54,ARI,WR,,,,,
DST,Jaguars ,3700,JAX@HOU 01:00PM ET,4.5,JAX,DST,,,,,
RB,Jeremy McNichols,3700,Postponed,0,TB,RB,,,,,
WR,Torrey Smith,3700,PHI@WAS 01:00PM ET,5.392,PHI,WR,,,,,
RB,Chris Thompson,3700,PHI@WAS 01:00PM ET,9.281,WAS,RB,,,,,
TE,Jack Doyle,3700,IND@LAR 04:05PM ET,9.15,IND,TE,,,,,
WR,Cooper Kupp,3700,IND@LAR 04:05PM ET,0,LAR,WR,,,,,
WR,Paul Richardson,3700,SEA@GB 04:25PM ET,4.847,SEA,WR,,,,,
RB,Aaron Jones,3700,SEA@GB 04:25PM ET,0,GB,RB,,,,,
RB,Fozzy Whittaker,3700,CAR@SF 04:25PM ET,4.756,CAR,RB,,,,,
WR,Mike Williams,3700,LAC@DEN 10:20PM ET,0,LAC,WR,,,,,
RB,Benny Cunningham,3600,ATL@CHI 01:00PM ET,2.933,CHI,RB,,,,,
WR,Tyler Boyd,3600,BAL@CIN 01:00PM ET,7.819,CIN,WR,,,,,
DST,Steelers ,3600,PIT@CLE 01:00PM ET,6.579,PIT,DST,,,,,
WR,JuJu Smith-Schuster,3600,PIT@CLE 01:00PM ET,0,PIT,WR,,,,,
TE,Eric Ebron,3600,ARI@DET 01:00PM ET,10.607,DET,TE,,,,,
WR,Kenny Golladay,3600,ARI@DET 01:00PM ET,0,DET,WR,,,,,
RB,Chris Ivory,3600,JAX@HOU 01:00PM ET,9.136,JAX,RB,,,,,
WR,Adam Humphries,3600,Postponed,9.067,TB,WR,,,,,
WR,Taywan Taylor,3600,OAK@TEN 01:00PM ET,0,TEN,WR,,,,,
WR,Jeff Janis,3600,SEA@GB 04:25PM ET,1.9,GB,WR,,,,,
WR,Curtis Samuel,3600,CAR@SF 04:25PM ET,0,CAR,WR,,,,,
RB,De'Angelo Henderson,3600,LAC@DEN 10:20PM ET,0,DEN,RB,,,,,
DST,Broncos ,3600,LAC@DEN 10:20PM ET,9.688,DEN,DST,,,,,
WR,Anquan Boldin,3500,NYJ@BUF 01:00PM ET,10.459,BUF,WR,,,,,
WR,Charone Peake,3500,NYJ@BUF 01:00PM ET,2.907,NYJ,WR,,,,,
RB,Elijah McGuire,3500,NYJ@BUF 01:00PM ET,0,NYJ,RB,,,,,
WR,Zay Jones,3500,NYJ@BUF 01:00PM ET,0,BUF,WR,,,,,
WR,Markus Wheaton,3500,ATL@CHI 01:00PM ET,4.275,CHI,WR,,,,,
WR,Breshad Perriman,3500,BAL@CIN 01:00PM ET,6.319,BAL,WR,,,,,
WR,Allen Hurns,3500,JAX@HOU 01:00PM ET,9.155,JAX,WR,,,,,
WR,Jaelen Strong,3500,JAX@HOU 01:00PM ET,3.388,HOU,WR,,,,,
TE,Zach Ertz,3500,PHI@WAS 01:00PM ET,13.543,PHI,TE,,,,,
WR,Josh Doctson,3500,PHI@WAS 01:00PM ET,4.3,WAS,WR,,,,,
RB,Donnel Pumphrey,3500,PHI@WAS 01:00PM ET,0,PHI,RB,,,,,
WR,Kamar Aiken,3500,IND@LAR 04:05PM ET,4.238,IND,WR,,,,,
RB,Devante Mays,3500,SEA@GB 04:25PM ET,0,GB,RB,,,,,
DST,Panthers ,3500,CAR@SF 04:25PM ET,8,CAR,DST,,,,,
RB,Wayne Gallman,3500,NYG@DAL 08:30PM ET,0,NYG,RB,,,,,
WR,Laquon Treadwell,3500,NO@MIN 07:10PM ET,0.25,MIN,WR,,,,,
RB,Alvin Kamara,3500,NO@MIN 07:10PM ET,0,NO,RB,,,,,
RB,Devontae Booker,3500,LAC@DEN 10:20PM ET,9.106,DEN,RB,,,,,
WR,Dontrelle Inman,3500,LAC@DEN 10:20PM ET,10.563,LAC,WR,,,,,
DST,Patriots ,3400,KC@NE 08:30PM ET,8.333,NE,DST,,,,,
WR,Jermaine Kearse,3400,NYJ@BUF 01:00PM ET,5.733,NYJ,WR,,,,,
RB,Andre Ellington,3400,ARI@DET 01:00PM ET,1.881,ARI,RB,,,,,
DST,Buccaneers ,3400,Postponed,8.313,TB,DST,,,,,
WR,Ryan Grant,3400,PHI@WAS 01:00PM ET,1.038,WAS,WR,,,,,
RB,Marlon Mack,3400,IND@LAR 04:05PM ET,0,IND,RB,,,,,
WR,Travis Benjamin,3400,LAC@DEN 10:20PM ET,10.1,LAC,WR,,,,,
TE,Hunter Henry,3400,LAC@DEN 10:20PM ET,8.175,LAC,TE,,,,,
WR,Chris Conley,3300,KC@NE 08:30PM ET,5.935,KC,WR,,,,,
WR,Phillip Dorsett,3300,KC@NE 08:30PM ET,6.587,NE,WR,,,,,
DST,Falcons ,3300,ATL@CHI 01:00PM ET,7.167,ATL,DST,,,,,
WR,Victor Cruz,3300,ATL@CHI 01:00PM ET,6.788,CHI,WR,,,,,
WR,John Ross,3300,BAL@CIN 01:00PM ET,0,CIN,WR,,,,,
WR,Jaron Brown,3300,ARI@DET 01:00PM ET,5.1,ARI,WR,,,,,
RB,Dwayne Washington,3300,ARI@DET 01:00PM ET,3.746,DET,RB,,,,,
TE,Jared Cook,3300,OAK@TEN 01:00PM ET,10.123,OAK,TE,,,,,
WR,Seth Roberts,3300,OAK@TEN 01:00PM ET,6.635,OAK,WR,,,,,
WR,Aldrick Robinson,3300,CAR@SF 04:25PM ET,3.739,SF,WR,,,,,
WR,Russell Shepard,3300,CAR@SF 04:25PM ET,5,CAR,WR,,,,,
WR,Roger Lewis,3300,NYG@DAL 08:30PM ET,2.05,NYG,WR,,,,,
WR,Brandon Coleman,3300,NO@MIN 07:10PM ET,4.506,NO,WR,,,,,
WR,Albert Wilson,3200,KC@NE 08:30PM ET,5.306,KC,WR,,,,,
TE,Charles Clay,3200,NYJ@BUF 01:00PM ET,9.08,BUF,TE,,,,,
WR,Kendall Wright,3200,ATL@CHI 01:00PM ET,8.464,CHI,WR,,,,,
RB,Ryan Mathews,3200,PHI@WAS 01:00PM ET,11.738,PHI,RB,,,,,
DST,Rams ,3200,IND@LAR 04:05PM ET,5.813,LAR,DST,,,,,
WR,Marquise Goodwin,3200,CAR@SF 04:25PM ET,6.207,SF,WR,,,,,
WR,Tavarres King,3200,NYG@DAL 08:30PM ET,2.913,NYG,WR,,,,,
RB,Jerick McKinnon,3200,NO@MIN 07:10PM ET,9.893,MIN,RB,,,,,
DST,Bengals ,3100,BAL@CIN 01:00PM ET,6.125,CIN,DST,,,,,
TE,C.J. Fiedorowicz,3100,JAX@HOU 01:00PM ET,8.941,HOU,TE,,,,,
TE,Cameron Brate,3100,Postponed,11.4,TB,TE,,,,,
WR,Tajae Sharpe,3100,OAK@TEN 01:00PM ET,6.581,TEN,WR,,,,,
RB,Elijah Hood,3100,OAK@TEN 01:00PM ET,0,OAK,RB,,,,,
WR,Brian Quick,3100,PHI@WAS 01:00PM ET,7.213,WAS,WR,,,,,
WR,Pharoh Cooper,3100,IND@LAR 04:05PM ET,2.36,LAR,WR,,,,,
RB,Orleans Darkwa,3100,NYG@DAL 08:30PM ET,2.63,NYG,RB,,,,,
WR,Austin Carr,3100,NO@MIN 07:10PM ET,0,NO,WR,,,,,
RB,Devine Redding,3000,KC@NE 08:30PM ET,0,KC,RB,,,,,
RB,Spencer Ware,3000,KC@NE 08:30PM ET,14.293,KC,RB,,,,,
RB,Anthony Sherman,3000,KC@NE 08:30PM ET,0.376,KC,RB,,,,,
RB,C.J. Spiller,3000,KC@NE 08:30PM ET,3.133,KC,RB,,,,,
WR,De'Anthony Thomas,3000,KC@NE 08:30PM ET,1.031,KC,WR,,,,,
WR,Seantavius Jones,3000,KC@NE 08:30PM ET,0,KC,WR,,,,,
WR,Tony Stevens,3000,KC@NE 08:30PM ET,0,KC,WR,,,,,
WR,Marcus Kemp,3000,KC@NE 08:30PM ET,0,KC,WR,,,,,
WR,Robert Wheelwright,3000,KC@NE 08:30PM ET,0,KC,WR,,,,,
WR,Tevin Jones,3000,KC@NE 08:30PM ET,0,KC,WR,,,,,
WR,Gehrig Dieter,3000,KC@NE 08:30PM ET,0,KC,WR,,,,,
WR,Jehu Chesson,3000,KC@NE 08:30PM ET,0,KC,WR,,,,,
WR,Demarcus Robinson,3000,KC@NE 08:30PM ET,0,KC,WR,,,,,
RB,Brandon Bolden,3000,KC@NE 08:30PM ET,0.244,NE,RB,,,,,
RB,James Develin,3000,KC@NE 08:30PM ET,0.45,NE,RB,,,,,
RB,LeShun Daniels Jr.,3000,KC@NE 08:30PM ET,0,NE,RB,,,,,
RB,D.J. Foster,3000,KC@NE 08:30PM ET,1.2,NE,RB,,,,,
RB,Glenn Gronkowski,3000,KC@NE 08:30PM ET,0,NE,RB,,,,,
WR,Julian Edelman,3000,KC@NE 08:30PM ET,16.278,NE,WR,,,,,
WR,K.J. Maye,3000,KC@NE 08:30PM ET,0,NE,WR,,,,,
WR,Cody Hollister,3000,KC@NE 08:30PM ET,0,NE,WR,,,,,
WR,Matthew Slater,3000,KC@NE 08:30PM ET,-0.033,NE,WR,,,,,
WR,Tony Washington,3000,KC@NE 08:30PM ET,0.95,NE,WR,,,,,
WR,Devin Lucien,3000,KC@NE 08:30PM ET,0,NE,WR,,,,,
WR,Kalif Raymond,3000,NYJ@BUF 01:00PM ET,-0.25,NYJ,WR,,,,,
RB,Mike Tolbert,3000,NYJ@BUF 01:00PM ET,2.163,BUF,RB,,,,,
WR,Brandon Tate,3000,NYJ@BUF 01:00PM ET,1.633,BUF,WR,,,,,
RB,Taiwan Jones,3000,NYJ@BUF 01:00PM ET,0.536,BUF,RB,,,,,
RB,Joe Banyard,3000,NYJ@BUF 01:00PM ET,0.7,BUF,RB,,,,,
RB,Patrick DiMarco,3000,NYJ@BUF 01:00PM ET,1.239,BUF,RB,,,,,
WR,Frankie Hammond Jr.,3000,NYJ@BUF 01:00PM ET,0,NYJ,WR,,,,,
WR,Myles White,3000,NYJ@BUF 01:00PM ET,0,NYJ,WR,,,,,
WR,Quincy Enunwa,3000,NYJ@BUF 01:00PM ET,10.744,NYJ,WR,,,,,
WR,Rod Streater,3000,NYJ@BUF 01:00PM ET,3.069,BUF,WR,,,,,
RB,Marcus Murphy,3000,NYJ@BUF 01:00PM ET,0.433,NYJ,RB,,,,,
WR,Walter Powell,3000,NYJ@BUF 01:00PM ET,3.133,BUF,WR,,,,,
WR,Kaelin Clay,3000,NYJ@BUF 01:00PM ET,0,BUF,WR,,,,,
WR,Andre Holmes,3000,NYJ@BUF 01:00PM ET,3.506,BUF,WR,,,,,
RB,Algernon Brown,3000,NYJ@BUF 01:00PM ET,0,NYJ,RB,,,,,
WR,Marquess Wilson,3000,NYJ@BUF 01:00PM ET,11.333,NYJ,WR,,,,,
WR,Philly Brown,3000,NYJ@BUF 01:00PM ET,3.763,BUF,WR,,,,,
WR,Rashad Ross,3000,NYJ@BUF 01:00PM ET,0.36,BUF,WR,,,,,
WR,Dezmin Lewis,3000,NYJ@BUF 01:00PM ET,0,BUF,WR,,,,,
WR,Deshon Foxx,3000,NYJ@BUF 01:00PM ET,0,NYJ,WR,,,,,
RB,Romar Morris,3000,NYJ@BUF 01:00PM ET,0,NYJ,RB,,,,,
WR,Jeremy Butler,3000,NYJ@BUF 01:00PM ET,0.775,BUF,WR,,,,,
WR,Brandon Reilly,3000,NYJ@BUF 01:00PM ET,0,BUF,WR,,,,,
WR,Gabe Marks,3000,NYJ@BUF 01:00PM ET,0,NYJ,WR,,,,,
WR,Chris Harper,3000,NYJ@BUF 01:00PM ET,2.922,NYJ,WR,,,,,
RB,Jordan Johnson,3000,NYJ@BUF 01:00PM ET,0,BUF,RB,,,,,
WR,Daikiel Shorts,3000,NYJ@BUF 01:00PM ET,0,BUF,WR,,,,,
WR,Jalin Marshall,3000,NYJ@BUF 01:00PM ET,4.02,NYJ,WR,,,,,
WR,Lucky Whitehead,3000,NYJ@BUF 01:00PM ET,0.938,NYJ,WR,,,,,
WR,Damore'ea Stringfellow,3000,NYJ@BUF 01:00PM ET,0,NYJ,WR,,,,,
RB,Anthony Firkser,3000,NYJ@BUF 01:00PM ET,0,NYJ,RB,,,,,
WR,Chad Hansen,3000,NYJ@BUF 01:00PM ET,0,NYJ,WR,,,,,
RB,Julian Howsare,3000,NYJ@BUF 01:00PM ET,0,NYJ,RB,,,,,
RB,Cedric O'Neal,3000,NYJ@BUF 01:00PM ET,0,BUF,RB,,,,,
WR,Kenbrell Thompkins,3000,NYJ@BUF 01:00PM ET,0,NYJ,WR,,,,,
RB,Jahad Thomas,3000,NYJ@BUF 01:00PM ET,0,NYJ,RB,,,,,
WR,Dan Williams,3000,NYJ@BUF 01:00PM ET,0,NYJ,WR,,,,,
WR,Andre Roberts,3000,ATL@CHI 01:00PM ET,2.929,ATL,WR,,,,,
WR,Deonte Thompson,3000,ATL@CHI 01:00PM ET,3.806,CHI,WR,,,,,
RB,Derrick Coleman,3000,ATL@CHI 01:00PM ET,0,ATL,RB,,,,,
WR,B.J. Daniels,3000,ATL@CHI 01:00PM ET,0,ATL,WR,,,,,
WR,Rueben Randle,3000,ATL@CHI 01:00PM ET,0,CHI,WR,,,,,
WR,Nick Williams,3000,ATL@CHI 01:00PM ET,5.45,ATL,WR,,,,,
WR,Josh Bellamy,3000,ATL@CHI 01:00PM ET,3.556,CHI,WR,,,,,
RB,Michael Burton,3000,ATL@CHI 01:00PM ET,0,CHI,RB,,,,,
WR,Justin Hardy,3000,ATL@CHI 01:00PM ET,3.839,ATL,WR,,,,,
RB,Terron Ward,3000,ATL@CHI 01:00PM ET,3.44,ATL,RB,,,,,
WR,Titus Davis,3000,ATL@CHI 01:00PM ET,0,CHI,WR,,,,,
RB,Ka'Deem Carey,3000,ATL@CHI 01:00PM ET,1.777,CHI,RB,,,,,
WR,Tre McBride,3000,ATL@CHI 01:00PM ET,0,CHI,WR,,,,,
WR,Marvin Hall,3000,ATL@CHI 01:00PM ET,0,ATL,WR,,,,,
WR,Daniel Braverman,3000,ATL@CHI 01:00PM ET,0,CHI,WR,,,,,
WR,Alton Howard,3000,ATL@CHI 01:00PM ET,0,CHI,WR,,,,,
RB,Josh Rounds,3000,ATL@CHI 01:00PM ET,0,CHI,RB,,,,,
WR,Josh Magee,3000,ATL@CHI 01:00PM ET,0,ATL,WR,,,,,
WR,Deante Burton,3000,ATL@CHI 01:00PM ET,0,ATL,WR,,,,,
WR,Reginald Davis III,3000,ATL@CHI 01:00PM ET,0,ATL,WR,,,,,
RB,Kelvin Taylor,3000,ATL@CHI 01:00PM ET,0,ATL,RB,,,,,
WR,Bra'Lon Cherry,3000,ATL@CHI 01:00PM ET,0,ATL,WR,,,,,
WR,Tanner Gentry,3000,ATL@CHI 01:00PM ET,0,CHI,WR,,,,,
RB,Freddie Stevenson,3000,ATL@CHI 01:00PM ET,0,CHI,RB,,,,,
TE,Austin Hooper,3000,ATL@CHI 01:00PM ET,4.4,ATL,TE,,,,,
RB,Taquan Mizzell,3000,ATL@CHI 01:00PM ET,0,CHI,RB,,,,,
RB,Tyler Renew,3000,ATL@CHI 01:00PM ET,0,ATL,RB,,,,,
RB,Tarik Cohen,3000,ATL@CHI 01:00PM ET,0,CHI,RB,,,,,
RB,Brian Hill,3000,ATL@CHI 01:00PM ET,0,ATL,RB,,,,,
WR,Anthony Dable,3000,ATL@CHI 01:00PM ET,0,ATL,WR,,,,,
RB,Jhurell Pressley,3000,ATL@CHI 01:00PM ET,0,ATL,RB,,,,,
RB,Cedric Peerman,3000,BAL@CIN 01:00PM ET,0.25,CIN,RB,,,,,
RB,Bobby Rainey,3000,BAL@CIN 01:00PM ET,2.65,BAL,RB,,,,,
WR,Griff Whalen,3000,BAL@CIN 01:00PM ET,0.525,BAL,WR,,,,,
WR,Michael Campanaro,3000,BAL@CIN 01:00PM ET,2.4,BAL,WR,,,,,
WR,Chris Matthews,3000,BAL@CIN 01:00PM ET,0,BAL,WR,,,,,
WR,Kenny Bell,3000,BAL@CIN 01:00PM ET,0,BAL,WR,,,,,
WR,Jake Kumerow,3000,BAL@CIN 01:00PM ET,0,CIN,WR,,,,,
RB,Javorius Allen,3000,BAL@CIN 01:00PM ET,0.988,BAL,RB,,,,,
WR,Chris Moore,3000,BAL@CIN 01:00PM ET,0.9,BAL,WR,,,,,
RB,Tra Carson,3000,BAL@CIN 01:00PM ET,0,CIN,RB,,,,,
WR,Alex Erickson,3000,BAL@CIN 01:00PM ET,0.819,CIN,WR,,,,,
RB,Kenneth Dixon,3000,BAL@CIN 01:00PM ET,8.533,BAL,RB,,,,,
WR,Cody Core,3000,BAL@CIN 01:00PM ET,4.625,CIN,WR,,,,,
RB,Ricky Ortiz,3000,BAL@CIN 01:00PM ET,0,BAL,RB,,,,,
WR,C.J. Board,3000,BAL@CIN 01:00PM ET,0,BAL,WR,,,,,
WR,Keenan Reynolds,3000,BAL@CIN 01:00PM ET,0,BAL,WR,,,,,
WR,Alonzo Russell,3000,BAL@CIN 01:00PM ET,0,CIN,WR,,,,,
WR,Chris Brown,3000,BAL@CIN 01:00PM ET,0,CIN,WR,,,,,
RB,Lorenzo Taliaferro,3000,BAL@CIN 01:00PM ET,1.333,BAL,RB,,,,,
RB,Darrin Laufasa,3000,BAL@CIN 01:00PM ET,0,CIN,RB,,,,,
WR,Kermit Whitfield,3000,BAL@CIN 01:00PM ET,0,CIN,WR,,,,,
RB,Jarveon Williams,3000,BAL@CIN 01:00PM ET,0,CIN,RB,,,,,
WR,Quincy Adeboyejo,3000,BAL@CIN 01:00PM ET,0,BAL,WR,,,,,
WR,Vince Mayle,3000,BAL@CIN 01:00PM ET,0,BAL,WR,,,,,
WR,Josh Malone,3000,BAL@CIN 01:00PM ET,0,CIN,WR,,,,,
WR,Tim White,3000,BAL@CIN 01:00PM ET,0,BAL,WR,,,,,
RB,DeAngelo Williams,3000,PIT@CLE 01:00PM ET,9.754,PIT,RB,,,,,
WR,Darrius Heyward-Bey,3000,PIT@CLE 01:00PM ET,3.1,PIT,WR,,,,,
WR,Josh Boyce,3000,PIT@CLE 01:00PM ET,0,CLE,WR,,,,,
RB,Knile Davis,3000,PIT@CLE 01:00PM ET,0.936,PIT,RB,,,,,
WR,Cobi Hamilton,3000,PIT@CLE 01:00PM ET,4.821,PIT,WR,,,,,
RB,Roosevelt Nix,3000,PIT@CLE 01:00PM ET,0.192,PIT,RB,,,,,
WR,Jordan Leslie,3000,PIT@CLE 01:00PM ET,0,CLE,WR,,,,,
RB,Terrence Magee,3000,PIT@CLE 01:00PM ET,0.6,CLE,RB,,,,,
RB,Brandon Wilds,3000,PIT@CLE 01:00PM ET,1.675,CLE,RB,,,,,
WR,Richard Mullaney,3000,PIT@CLE 01:00PM ET,0,CLE,WR,,,,,
WR,Kasen Williams,3000,PIT@CLE 01:00PM ET,0,CLE,WR,,,,,
WR,Rannell Hall,3000,PIT@CLE 01:00PM ET,0,CLE,WR,,,,,
RB,Terrell Watson,3000,PIT@CLE 01:00PM ET,10.3,PIT,RB,,,,,
TE,Jesse James,3000,PIT@CLE 01:00PM ET,6.079,PIT,TE,,,,,
RB,Trey Williams,3000,PIT@CLE 01:00PM ET,0,PIT,RB,,,,,
WR,Jordan Payton,3000,PIT@CLE 01:00PM ET,0.325,CLE,WR,,,,,
WR,Justin Thomas,3000,PIT@CLE 01:00PM ET,0,PIT,WR,,,,,
RB,Danny Vitale,3000,PIT@CLE 01:00PM ET,0.744,CLE,RB,,,,,
WR,Ricardo Louis,3000,PIT@CLE 01:00PM ET,2.406,CLE,WR,,,,,
WR,Reggie Davis,3000,PIT@CLE 01:00PM ET,0,CLE,WR,,,,,
WR,Demarcus Ayers,3000,PIT@CLE 01:00PM ET,5.45,PIT,WR,,,,,
WR,Rashard Higgins,3000,PIT@CLE 01:00PM ET,0.856,CLE,WR,,,,,
RB,Matthew Dayes,3000,PIT@CLE 01:00PM ET,0,CLE,RB,,,,,
WR,Mario Alford,3000,PIT@CLE 01:00PM ET,0,CLE,WR,,,,,
WR,Rasheed Bailey,3000,PIT@CLE 01:00PM ET,0,CLE,WR,,,,,
RB,Brandon Brown-Dukes,3000,PIT@CLE 01:00PM ET,0,PIT,RB,,,,,
WR,Marcus Tucker,3000,PIT@CLE 01:00PM ET,0,PIT,WR,,,,,
WR,Jeremy Ross,3000,ARI@DET 01:00PM ET,2.283,ARI,WR,,,,,
RB,Matt Asiata,3000,ARI@DET 01:00PM ET,8.344,DET,RB,,,,,
WR,Keshawn Martin,3000,ARI@DET 01:00PM ET,-1,DET,WR,,,,,
RB,Mike James,3000,ARI@DET 01:00PM ET,2.025,DET,RB,,,,,
WR,Ryan Spadola,3000,ARI@DET 01:00PM ET,0,DET,WR,,,,,
WR,Jared Abbrederis,3000,ARI@DET 01:00PM ET,0.36,DET,WR,,,,,
WR,Aaron Dobson,3000,ARI@DET 01:00PM ET,0,ARI,WR,,,,,
WR,TJ Jones,3000,ARI@DET 01:00PM ET,3.575,DET,WR,,,,,
RB,Elijhaa Penny,3000,ARI@DET 01:00PM ET,0,ARI,RB,,,,,
WR,Brittan Golden,3000,ARI@DET 01:00PM ET,1.767,ARI,WR,,,,,
RB,Tion Green,3000,ARI@DET 01:00PM ET,0,DET,RB,,,,,
WR,Michael Rector,3000,ARI@DET 01:00PM ET,0,DET,WR,,,,,
WR,Dontez Ford,3000,ARI@DET 01:00PM ET,0,DET,WR,,,,,
WR,Carlton Agudosi,3000,ARI@DET 01:00PM ET,0,ARI,WR,,,,,
WR,Chris Hubert,3000,ARI@DET 01:00PM ET,0,ARI,WR,,,,,
RB,T.J. Logan,3000,ARI@DET 01:00PM ET,0,ARI,RB,,,,,
WR,Noel Thomas,3000,ARI@DET 01:00PM ET,0,DET,WR,,,,,
WR,Jace Billingsley,3000,ARI@DET 01:00PM ET,0,DET,WR,,,,,
WR,Chad Williams,3000,ARI@DET 01:00PM ET,0,ARI,WR,,,,,
RB,James Summers,3000,ARI@DET 01:00PM ET,0,ARI,RB,,,,,
WR,Krishawn Hogan,3000,ARI@DET 01:00PM ET,0,ARI,WR,,,,,
WR,Dez Stewart,3000,ARI@DET 01:00PM ET,0,DET,WR,,,,,
WR,Arrelious Benn,3000,JAX@HOU 01:00PM ET,1.507,JAX,WR,,,,,
RB,Jordan Todman,3000,JAX@HOU 01:00PM ET,0.744,HOU,RB,,,,,
RB,Tommy Bohanon,3000,JAX@HOU 01:00PM ET,0,JAX,RB,,,,,
RB,Tyler Gaffney,3000,JAX@HOU 01:00PM ET,0,JAX,RB,,,,,
WR,Devin Street,3000,JAX@HOU 01:00PM ET,0.5,HOU,WR,,,,,
RB,Jay Prosch,3000,JAX@HOU 01:00PM ET,0.153,HOU,RB,,,,,
WR,Dres Anderson,3000,JAX@HOU 01:00PM ET,0,HOU,WR,,,,,
WR,Larry Pinkard,3000,JAX@HOU 01:00PM ET,0,JAX,WR,,,,,
RB,Corey Grant,3000,JAX@HOU 01:00PM ET,3.536,JAX,RB,,,,,
WR,DeAndrew White,3000,JAX@HOU 01:00PM ET,0,HOU,WR,,,,,
RB,Tyler Ervin,3000,JAX@HOU 01:00PM ET,0.221,HOU,RB,,,,,
WR,Jamal Robinson,3000,JAX@HOU 01:00PM ET,0,JAX,WR,,,,,
WR,Rashad Greene Sr.,3000,JAX@HOU 01:00PM ET,0.9,JAX,WR,,,,,
WR,Marcus Leak,3000,JAX@HOU 01:00PM ET,0,HOU,WR,,,,,
RB,Akeem Hunt,3000,JAX@HOU 01:00PM ET,2.03,HOU,RB,,,,,
WR,Shane Wynn,3000,JAX@HOU 01:00PM ET,0.68,JAX,WR,,,,,
WR,Kenneth Walker III,3000,JAX@HOU 01:00PM ET,0,JAX,WR,,,,,
WR,Justin Hardee,3000,JAX@HOU 01:00PM ET,0,HOU,WR,,,,,
RB,I'Tavius Mathers,3000,JAX@HOU 01:00PM ET,0,JAX,RB,,,,,
WR,Amba Etta-Tawo,3000,JAX@HOU 01:00PM ET,0,JAX,WR,,,,,
WR,Riley McCarron,3000,JAX@HOU 01:00PM ET,0,HOU,WR,,,,,
RB,Dare Ogunbowale,3000,JAX@HOU 01:00PM ET,0,HOU,RB,,,,,
WR,Andy Jones,3000,JAX@HOU 01:00PM ET,0,HOU,WR,,,,,
WR,Chris Thompson,3000,JAX@HOU 01:00PM ET,0,HOU,WR,,,,,
RB,Marquez Williams,3000,JAX@HOU 01:00PM ET,0,JAX,RB,,,,,
WR,Keelan Cole,3000,JAX@HOU 01:00PM ET,0,JAX,WR,,,,,
WR,Dede Westbrook,3000,JAX@HOU 01:00PM ET,0,JAX,WR,,,,,
RB,Tim Cook,3000,JAX@HOU 01:00PM ET,0,JAX,RB,,,,,
WR,Wendall Williams,3000,JAX@HOU 01:00PM ET,3.833,HOU,WR,,,,,
RB,DuJuan Harris,3000,JAX@HOU 01:00PM ET,3.73,JAX,RB,,,,,
RB,Jonathan Grimes,3000,JAX@HOU 01:00PM ET,3.775,JAX,RB,,,,,
WR,Bruce Ellington,3000,JAX@HOU 01:00PM ET,0,HOU,WR,,,,,
WR,Germone Hopper,3000,JAX@HOU 01:00PM ET,0,HOU,WR,,,,,
WR,Vincent Jackson,3000,Postponed,6.46,TB,WR,,,,,
RB,Austin Johnson,3000,Postponed,0,TB,RB,,,,,
WR,Mitch Mathews,3000,Postponed,0,MIA,WR,,,,,
RB,Storm Johnson,3000,Postponed,0,MIA,RB,,,,,
RB,Senorise Perry,3000,Postponed,0,MIA,RB,,,,,
WR,Josh Huff,3000,Postponed,4.08,TB,WR,,,,,
RB,Blake Sims,3000,Postponed,0,TB,RB,,,,,
WR,Bernard Reedy,3000,Postponed,0,TB,WR,,,,,
WR,Freddie Martino,3000,Postponed,2.169,TB,WR,,,,,
WR,Shaq Hill,3000,Postponed,0,TB,WR,,,,,
WR,Rashawn Scott,3000,Postponed,0,MIA,WR,,,,,
WR,Jakeem Grant,3000,Postponed,0.3,MIA,WR,,,,,
WR,Jordan Westerkamp,3000,Postponed,0,MIA,WR,,,,,
WR,Derel Walker,3000,Postponed,0,TB,WR,,,,,
RB,Russell Hansbrough,3000,Postponed,0,TB,RB,,,,,
WR,Malcolm Lewis,3000,Postponed,0,MIA,WR,,,,,
RB,Quayvon Hicks,3000,Postponed,0,TB,RB,,,,,
WR,Leonte Carroo,3000,Postponed,0.85,MIA,WR,,,,,
TE,O.J. Howard,3000,Postponed,0,TB,TE,,,,,
WR,Francis Owusu,3000,Postponed,0,MIA,WR,,,,,
RB,De'Veon Smith,3000,Postponed,0,MIA,RB,,,,,
WR,Bobo Wilson,3000,Postponed,0,TB,WR,,,,,
WR,Drew Morgan,3000,Postponed,0,MIA,WR,,,,,
RB,Peyton Barber,3000,Postponed,2.407,TB,RB,,,,,
WR,Chris Godwin,3000,Postponed,0,TB,WR,,,,,
WR,Isaiah Ford,3000,Postponed,0,MIA,WR,,,,,
WR,Donteea Dye,3000,Postponed,0,TB,WR,,,,,
WR,Rashad Lawrence,3000,Postponed,0,MIA,WR,,,,,
WR,Trey Griffey,3000,Postponed,0,MIA,WR,,,,,
WR,Harry Douglas,3000,OAK@TEN 01:00PM ET,3.273,TEN,WR,,,,,
WR,Eric Weems,3000,OAK@TEN 01:00PM ET,0,TEN,WR,,,,,
RB,Jalston Fowler,3000,OAK@TEN 01:00PM ET,0.169,TEN,RB,,,,,
WR,Jonathan Krause,3000,OAK@TEN 01:00PM ET,0,TEN,WR,,,,,
RB,David Fluellen,3000,OAK@TEN 01:00PM ET,0,TEN,RB,,,,,
RB,Jamize Olawale,3000,OAK@TEN 01:00PM ET,3.412,OAK,RB,,,,,
WR,K.J. Brent,3000,OAK@TEN 01:00PM ET,0,OAK,WR,,,,,
WR,Darius Jennings,3000,OAK@TEN 01:00PM ET,0,TEN,WR,,,,,
RB,George Atkinson III,3000,OAK@TEN 01:00PM ET,0.588,OAK,RB,,,,,
WR,KeVonn Mabon,3000,OAK@TEN 01:00PM ET,0,TEN,WR,,,,,
WR,Cordarrelle Patterson,3000,OAK@TEN 01:00PM ET,7.475,OAK,WR,,,,,
RB,Brandon Radcliff,3000,OAK@TEN 01:00PM ET,0,TEN,RB,,,,,
WR,Keon Hatcher,3000,OAK@TEN 01:00PM ET,0,OAK,WR,,,,,
WR,Mekale McKay,3000,OAK@TEN 01:00PM ET,0,TEN,WR,,,,,
RB,Joe Bacci,3000,OAK@TEN 01:00PM ET,0,TEN,RB,,,,,
WR,Jaydon Mickens,3000,OAK@TEN 01:00PM ET,0,OAK,WR,,,,,
RB,John Crockett,3000,OAK@TEN 01:00PM ET,0,OAK,RB,,,,,
RB,Khalfani Muhammad,3000,OAK@TEN 01:00PM ET,0,TEN,RB,,,,,
WR,Johnny Holton,3000,OAK@TEN 01:00PM ET,0.544,OAK,WR,,,,,
WR,Giovanni Pascascio,3000,OAK@TEN 01:00PM ET,0,TEN,WR,,,,,
RB,Akeem Judd,3000,OAK@TEN 01:00PM ET,0,TEN,RB,,,,,
WR,Ishmael Zamora,3000,OAK@TEN 01:00PM ET,0,OAK,WR,,,,,
WR,Isaac Whitney,3000,OAK@TEN 01:00PM ET,0,OAK,WR,,,,,
DST,Redskins ,3000,PHI@WAS 01:00PM ET,5.938,WAS,DST,,,,,
TE,Vernon Davis,3000,PHI@WAS 01:00PM ET,7.144,WAS,TE,,,,,
RB,Mack Brown,3000,PHI@WAS 01:00PM ET,1.667,WAS,RB,,,,,
RB,Kenny Hilliard,3000,PHI@WAS 01:00PM ET,0,WAS,RB,,,,,
WR,Paul Turner,3000,PHI@WAS 01:00PM ET,5.4,PHI,WR,,,,,
WR,Kendal Thompson,3000,PHI@WAS 01:00PM ET,0,WAS,WR,,,,,
WR,David Watford,3000,PHI@WAS 01:00PM ET,0,PHI,WR,,,,,
WR,Maurice Harris,3000,PHI@WAS 01:00PM ET,1.46,WAS,WR,,,,,
WR,Levern Jacobs,3000,PHI@WAS 01:00PM ET,0,WAS,WR,,,,,
WR,Zach Pascal,3000,PHI@WAS 01:00PM ET,0,WAS,WR,,,,,
RB,Byron Marshall,3000,PHI@WAS 01:00PM ET,3.467,PHI,RB,,,,,
WR,Bryce Treggs,3000,PHI@WAS 01:00PM ET,1.3,PHI,WR,,,,,
WR,Marcus Johnson,3000,PHI@WAS 01:00PM ET,0,PHI,WR,,,,,
WR,Mack Hollins,3000,PHI@WAS 01:00PM ET,0,PHI,WR,,,,,
WR,Shelton Gibson,3000,PHI@WAS 01:00PM ET,0,PHI,WR,,,,,
WR,Greg Ward Jr.,3000,PHI@WAS 01:00PM ET,0,PHI,WR,,,,,
WR,James Quick,3000,PHI@WAS 01:00PM ET,0,WAS,WR,,,,,
RB,Corey Clement,3000,PHI@WAS 01:00PM ET,0,PHI,RB,,,,,
WR,Robert Davis,3000,PHI@WAS 01:00PM ET,0,WAS,WR,,,,,
WR,Rashard Davis,3000,PHI@WAS 01:00PM ET,0,PHI,WR,,,,,
WR,Jamari Staples,3000,PHI@WAS 01:00PM ET,0,WAS,WR,,,,,
RB,Lance Dunbar,3000,IND@LAR 04:05PM ET,2.664,LAR,RB,,,,,
RB,Christine Michael,3000,IND@LAR 04:05PM ET,8.228,IND,RB,,,,,
WR,Matt Hazel,3000,IND@LAR 04:05PM ET,0,IND,WR,,,,,
RB,Aaron Green,3000,IND@LAR 04:05PM ET,0,LAR,RB,,,,,
WR,Quan Bray,3000,IND@LAR 04:05PM ET,1.217,IND,WR,,,,,
WR,Chris Briggs,3000,IND@LAR 04:05PM ET,0,IND,WR,,,,,
RB,Josh Ferguson,3000,IND@LAR 04:05PM ET,2.225,IND,RB,,,,,
WR,Nelson Spruce,3000,IND@LAR 04:05PM ET,0,LAR,WR,,,,,
RB,Dalton Crossan,3000,IND@LAR 04:05PM ET,0,IND,RB,,,,,
WR,Fred Brown,3000,IND@LAR 04:05PM ET,0,IND,WR,,,,,
WR,Tevaun Smith,3000,IND@LAR 04:05PM ET,0,IND,WR,,,,,
WR,Paul McRoberts,3000,IND@LAR 04:05PM ET,0.8,LAR,WR,,,,,
WR,Brandon Shippen,3000,IND@LAR 04:05PM ET,0,LAR,WR,,,,,
WR,JoJo Natson Jr.,3000,IND@LAR 04:05PM ET,0,IND,WR,,,,,
RB,Matt Jones,3000,IND@LAR 04:05PM ET,9.256,IND,RB,,,,,
RB,Lenard Tillery,3000,IND@LAR 04:05PM ET,0,LAR,RB,,,,,
RB,Troymaine Pope,3000,IND@LAR 04:05PM ET,1.475,IND,RB,,,,,
WR,Chester Rogers,3000,IND@LAR 04:05PM ET,3.307,IND,WR,,,,,
RB,Justin Davis,3000,IND@LAR 04:05PM ET,0,LAR,RB,,,,,
WR,Bug Howard,3000,IND@LAR 04:05PM ET,0,IND,WR,,,,,
RB,Sam Rogers,3000,IND@LAR 04:05PM ET,0,LAR,RB,,,,,
RB,De'Mard Llorens,3000,IND@LAR 04:05PM ET,0,IND,RB,,,,,
WR,Shakeir Ryan,3000,IND@LAR 04:05PM ET,0,LAR,WR,,,,,
WR,Josh Reynolds,3000,IND@LAR 04:05PM ET,0,LAR,WR,,,,,
WR,Mike Thomas,3000,IND@LAR 04:05PM ET,0.38,LAR,WR,,,,,
WR,Harvey Binford,3000,IND@LAR 04:05PM ET,0,IND,WR,,,,,
WR,K.D. Cannon,3000,IND@LAR 04:05PM ET,0,LAR,WR,,,,,
WR,Valdez Showers,3000,IND@LAR 04:05PM ET,0,IND,WR,,,,,
RB,Daryl Richardson,3000,IND@LAR 04:05PM ET,0.233,IND,RB,,,,,
WR,Marvin Bracy,3000,IND@LAR 04:05PM ET,0,IND,WR,,,,,
WR,Brian Riley,3000,IND@LAR 04:05PM ET,0,IND,WR,,,,,
WR,Justice Liggins,3000,IND@LAR 04:05PM ET,0,IND,WR,,,,,
RB,Marcel Reece,3000,SEA@GB 04:25PM ET,2.967,SEA,RB,,,,,
WR,Jamel Johnson,3000,SEA@GB 04:25PM ET,0,SEA,WR,,,,,
RB,Tre Madden,3000,SEA@GB 04:25PM ET,0,SEA,RB,,,,,
WR,Tanner McEvoy,3000,SEA@GB 04:25PM ET,2.295,SEA,WR,,,,,
RB,Aaron Ripkowski,3000,SEA@GB 04:25PM ET,3.426,GB,RB,,,,,
RB,Joe Kerridge,3000,SEA@GB 04:25PM ET,0,GB,RB,,,,,
RB,J.D. McKissic,3000,SEA@GB 04:25PM ET,1.867,SEA,RB,,,,,
WR,Trevor Davis,3000,SEA@GB 04:25PM ET,0.8,GB,WR,,,,,
WR,Kenny Lawler Jr.,3000,SEA@GB 04:25PM ET,0,SEA,WR,,,,,
WR,Darreus Rogers,3000,SEA@GB 04:25PM ET,0,SEA,WR,,,,,
WR,Max McCaffrey,3000,SEA@GB 04:25PM ET,0,GB,WR,,,,,
RB,Mike Davis,3000,SEA@GB 04:25PM ET,1.938,SEA,RB,,,,,
WR,Amara Darboh,3000,SEA@GB 04:25PM ET,0,SEA,WR,,,,,
WR,Montay Crockett,3000,SEA@GB 04:25PM ET,0,GB,WR,,,,,
RB,Alex Collins,3000,SEA@GB 04:25PM ET,3.492,SEA,RB,,,,,
RB,William Stanback,3000,SEA@GB 04:25PM ET,0,GB,RB,,,,,
WR,DeAngelo Yancey,3000,SEA@GB 04:25PM ET,0,GB,WR,,,,,
WR,Colby Pearson,3000,SEA@GB 04:25PM ET,0,GB,WR,,,,,
RB,Kalif Phillips,3000,SEA@GB 04:25PM ET,0,GB,RB,,,,,
WR,Geronimo Allison,3000,SEA@GB 04:25PM ET,4.285,GB,WR,,,,,
WR,Malachi Dupre,3000,SEA@GB 04:25PM ET,0,GB,WR,,,,,
RB,Chris Carson,3000,SEA@GB 04:25PM ET,0,SEA,RB,,,,,
WR,Michael Clark,3000,SEA@GB 04:25PM ET,0,GB,WR,,,,,
WR,Cyril Grayson,3000,SEA@GB 04:25PM ET,0,SEA,WR,,,,,
WR,David Moore,3000,SEA@GB 04:25PM ET,0,SEA,WR,,,,,
WR,Rodney Smith,3000,SEA@GB 04:25PM ET,0,SEA,WR,,,,,
RB,Darrel Young,3000,CAR@SF 04:25PM ET,0,CAR,RB,,,,,
WR,Louis Murphy,3000,CAR@SF 04:25PM ET,0,SF,WR,,,,,
WR,Brenton Bersin,3000,CAR@SF 04:25PM ET,0.37,CAR,WR,,,,,
WR,Trevor Graham,3000,CAR@SF 04:25PM ET,0,CAR,WR,,,,,
RB,Kyle Juszczyk,3000,CAR@SF 04:25PM ET,4.613,SF,RB,,,,,
RB,Kapri Bibbs,3000,CAR@SF 04:25PM ET,2.367,SF,RB,,,,,
WR,Damiere Byrd,3000,CAR@SF 04:25PM ET,2.6,CAR,WR,,,,,
RB,Raheem Mostert,3000,CAR@SF 04:25PM ET,0.2,SF,RB,,,,,
WR,Keyarris Garrett,3000,CAR@SF 04:25PM ET,0,CAR,WR,,,,,
RB,Jalen Simmons,3000,CAR@SF 04:25PM ET,0,CAR,RB,,,,,
WR,DeAndre Carter,3000,CAR@SF 04:25PM ET,0,SF,WR,,,,,
WR,Mose Frazier,3000,CAR@SF 04:25PM ET,0,CAR,WR,,,,,
WR,Aaron Burbridge,3000,CAR@SF 04:25PM ET,0.925,SF,WR,,,,,
RB,Cameron Artis-Payne,3000,CAR@SF 04:25PM ET,9.5,CAR,RB,,,,,
WR,Trent Taylor,3000,CAR@SF 04:25PM ET,0,SF,WR,,,,,
RB,Tyler McCloskey,3000,CAR@SF 04:25PM ET,0,SF,RB,,,,,
WR,Fred Ross Jr.,3000,CAR@SF 04:25PM ET,0,CAR,WR,,,,,
WR,DeAndre Smelter,3000,CAR@SF 04:25PM ET,1.65,SF,WR,,,,,
WR,Austin Duke,3000,CAR@SF 04:25PM ET,0,CAR,WR,,,,,
WR,Victor Bolden Jr.,3000,CAR@SF 04:25PM ET,0,SF,WR,,,,,
RB,Matt Breida,3000,CAR@SF 04:25PM ET,0,SF,RB,,,,,
WR,Kendrick Bourne,3000,CAR@SF 04:25PM ET,0,SF,WR,,,,,
WR,Tim Patrick,3000,CAR@SF 04:25PM ET,0,SF,WR,,,,,
RB,Alex Armah,3000,CAR@SF 04:25PM ET,0,CAR,RB,,,,,
RB,Rashad Jennings,3000,NYG@DAL 08:30PM ET,10.193,NYG,RB,,,,,
RB,Shaun Draughn,3000,NYG@DAL 08:30PM ET,6.869,NYG,RB,,,,,
WR,Dwayne Harris,3000,NYG@DAL 08:30PM ET,0.429,NYG,WR,,,,,
WR,Brice Butler,3000,NYG@DAL 08:30PM ET,3.288,DAL,WR,,,,,
WR,Kevin Norwood,3000,NYG@DAL 08:30PM ET,0,NYG,WR,,,,,
WR,Uzoma Nwachukwu,3000,NYG@DAL 08:30PM ET,0,DAL,WR,,,,,
RB,Ronnie Hillman,3000,NYG@DAL 08:30PM ET,3.675,DAL,RB,,,,,
WR,Javontee Herndon,3000,NYG@DAL 08:30PM ET,0,DAL,WR,,,,,
RB,Keith Smith,3000,NYG@DAL 08:30PM ET,0.324,DAL,RB,,,,,
RB,Jacob Huesman,3000,NYG@DAL 08:30PM ET,0,NYG,RB,,,,,
WR,Darius Powe,3000,NYG@DAL 08:30PM ET,0,NYG,WR,,,,,
WR,Marquis Bundy,3000,NYG@DAL 08:30PM ET,0,NYG,WR,,,,,
RB,Shane Smith,3000,NYG@DAL 08:30PM ET,0,NYG,RB,,,,,
WR,Canaan Severin,3000,NYG@DAL 08:30PM ET,0,NYG,WR,,,,,
WR,Ryan Switzer,3000,NYG@DAL 08:30PM ET,0,DAL,WR,,,,,
WR,Jerome Lane,3000,NYG@DAL 08:30PM ET,0,NYG,WR,,,,,
WR,Keeon Johnson,3000,NYG@DAL 08:30PM ET,0,NYG,WR,,,,,
WR,Lance Lenoir,3000,NYG@DAL 08:30PM ET,0,DAL,WR,,,,,
WR,Karel Hamilton,3000,NYG@DAL 08:30PM ET,0,DAL,WR,,,,,
RB,Khalid Abdullah,3000,NYG@DAL 08:30PM ET,0,NYG,RB,,,,,
WR,Brian Brown,3000,NYG@DAL 08:30PM ET,0,DAL,WR,,,,,
WR,Travis Rudolph,3000,NYG@DAL 08:30PM ET,0,NYG,WR,,,,,
WR,Noah Brown,3000,NYG@DAL 08:30PM ET,0,DAL,WR,,,,,
WR,C.J. Germany,3000,NYG@DAL 08:30PM ET,0,NYG,WR,,,,,
WR,Kevin Snead,3000,NYG@DAL 08:30PM ET,0,NYG,WR,,,,,
WR,Ed Eagan,3000,NYG@DAL 08:30PM ET,0,NYG,WR,,,,,
RB,Terrell Newby,3000,NO@MIN 07:10PM ET,0,MIN,RB,,,,,
RB,C.J. Ham,3000,NO@MIN 07:10PM ET,0,MIN,RB,,,,,
RB,Bronson Hill,3000,NO@MIN 07:10PM ET,0.367,MIN,RB,,,,,
WR,Jarius Wright,3000,NO@MIN 07:10PM ET,2.963,MIN,WR,,,,,
WR,Michael Floyd,3000,NO@MIN 07:10PM ET,7.544,MIN,WR,,,,,
WR,Moritz Bohringer,3000,NO@MIN 07:10PM ET,0,MIN,WR,,,,,
WR,Rodney Adams,3000,NO@MIN 07:10PM ET,0,MIN,WR,,,,,
WR,R.J. Shelton,3000,NO@MIN 07:10PM ET,0,MIN,WR,,,,,
WR,Stacy Coley,3000,NO@MIN 07:10PM ET,0,MIN,WR,,,,,
WR,Isaac Fruechte,3000,NO@MIN 07:10PM ET,0,MIN,WR,,,,,
WR,Cayleb Jones,3000,NO@MIN 07:10PM ET,0,MIN,WR,,,,,
RB,Zach Line,3000,NO@MIN 07:10PM ET,0.1,NO,RB,,,,,
RB,Daniel Lasco II,3000,NO@MIN 07:10PM ET,0.9,NO,RB,,,,,
RB,Travaris Cadet,3000,NO@MIN 07:10PM ET,6.267,NO,RB,,,,,
RB,John Kuhn,3000,NO@MIN 07:10PM ET,3.544,NO,RB,,,,,
RB,Trey Edmunds,3000,NO@MIN 07:10PM ET,0,NO,RB,,,,,
RB,Darius Victor,3000,NO@MIN 07:10PM ET,0,NO,RB,,,,,
WR,Jake Lampman,3000,NO@MIN 07:10PM ET,0,NO,WR,,,,,
WR,De'Quan Hampton,3000,NO@MIN 07:10PM ET,0,NO,WR,,,,,
WR,Dan Arnold,3000,NO@MIN 07:10PM ET,0,NO,WR,,,,,
WR,Travin Dural,3000,NO@MIN 07:10PM ET,0,NO,WR,,,,,
WR,Tommylee Lewis,3000,NO@MIN 07:10PM ET,1.308,NO,WR,,,,,
WR,Corey Fuller,3000,NO@MIN 07:10PM ET,0,NO,WR,,,,,
RB,Stanley Williams,3000,LAC@DEN 10:20PM ET,0,DEN,RB,,,,,
RB,Andy Janovich,3000,LAC@DEN 10:20PM ET,1.7,DEN,RB,,,,,
RB,Juwan Thompson,3000,LAC@DEN 10:20PM ET,1.075,DEN,RB,,,,,
RB,Stevan Ridley,3000,LAC@DEN 10:20PM ET,0.7,DEN,RB,,,,,
WR,Jordan Taylor,3000,LAC@DEN 10:20PM ET,2.994,DEN,WR,,,,,
WR,Bennie Fowler,3000,LAC@DEN 10:20PM ET,2.885,DEN,WR,,,,,
WR,Marlon Brown,3000,LAC@DEN 10:20PM ET,0,DEN,WR,,,,,
WR,Hunter Sharp,3000,LAC@DEN 10:20PM ET,0,DEN,WR,,,,,
WR,Isaiah McKenzie,3000,LAC@DEN 10:20PM ET,0,DEN,WR,,,,,
WR,Cody Latimer,3000,LAC@DEN 10:20PM ET,1.3,DEN,WR,,,,,
WR,Anthony Nash,3000,LAC@DEN 10:20PM ET,0,DEN,WR,,,,,
WR,Carlos Henderson,3000,LAC@DEN 10:20PM ET,0,DEN,WR,,,,,
RB,Kenneth Farrow,3000,LAC@DEN 10:20PM ET,2.938,LAC,RB,,,,,
RB,Austin Ekeler,3000,LAC@DEN 10:20PM ET,0,LAC,RB,,,,,
RB,Derek Watt,3000,LAC@DEN 10:20PM ET,0.794,LAC,RB,,,,,
RB,Andre Williams,3000,LAC@DEN 10:20PM ET,8.7,LAC,RB,,,,,
RB,Kenjon Barner,3000,LAC@DEN 10:20PM ET,2.623,LAC,RB,,,,,
WR,Da'Ron Brown,3000,LAC@DEN 10:20PM ET,0,LAC,WR,,,,,
WR,Geremy Davis,3000,LAC@DEN 10:20PM ET,0,LAC,WR,,,,,
WR,Isaiah Burse,3000,LAC@DEN 10:20PM ET,0,LAC,WR,,,,,
WR,Jamaal Jones,3000,LAC@DEN 10:20PM ET,0,LAC,WR,,,,,
WR,Artavis Scott,3000,LAC@DEN 10:20PM ET,0,LAC,WR,,,,,
WR,Andre Patton,3000,LAC@DEN 10:20PM ET,0,LAC,WR,,,,,
WR,Cameron Posey,3000,LAC@DEN 10:20PM ET,0,LAC,WR,,,,,
WR,Mitchell Paige,3000,LAC@DEN 10:20PM ET,0,LAC,WR,,,,,
TE,Antonio Gates,3000,LAC@DEN 10:20PM ET,10.629,LAC,TE,,,,,
DST,Chargers ,3000,LAC@DEN 10:20PM ET,7.5,LAC,DST,,,,,
TE,Julius Thomas,2900,Postponed,9.122,MIA,TE,,,,,
DST,Seahawks ,2900,SEA@GB 04:25PM ET,7.278,SEA,DST,,,,,
DST,Cowboys ,2900,NYG@DAL 08:30PM ET,5.588,DAL,DST,,,,,
TE,Evan Engram,2900,NYG@DAL 08:30PM ET,0,NYG,TE,,,,,
DST,Vikings ,2900,NO@MIN 07:10PM ET,9.875,MIN,DST,,,,,
TE,Coby Fleener,2900,NO@MIN 07:10PM ET,8.769,NO,TE,,,,,
TE,Zach Miller,2800,ATL@CHI 01:00PM ET,11.96,CHI,TE,,,,,
DST,Ravens ,2800,BAL@CIN 01:00PM ET,7.875,BAL,DST,,,,,
TE,Benjamin Watson,2800,BAL@CIN 01:00PM ET,0,BAL,TE,,,,,
TE,Vance McDonald,2800,PIT@CLE 01:00PM ET,7.918,PIT,TE,,,,,
DST,Cardinals ,2800,ARI@DET 01:00PM ET,9.188,ARI,DST,,,,,
DST,Dolphins ,2800,Postponed,7.294,MIA,DST,,,,,
TE,Dwayne Allen,2700,KC@NE 08:30PM ET,8.114,NE,TE,,,,,
TE,Austin Seferian-Jenkins,2700,NYJ@BUF 01:00PM ET,3.822,NYJ,TE,,,,,
TE,David Njoku,2700,PIT@CLE 01:00PM ET,0,CLE,TE,,,,,
TE,Jermaine Gresham,2700,ARI@DET 01:00PM ET,5.506,ARI,TE,,,,,
TE,Ryan Griffin,2700,JAX@HOU 01:00PM ET,6.172,HOU,TE,,,,,
DST,Eagles ,2700,PHI@WAS 01:00PM ET,8.938,PHI,DST,,,,,
DST,Colts ,2700,IND@LAR 04:05PM ET,5.563,IND,DST,,,,,
TE,Erik Swoope,2700,IND@LAR 04:05PM ET,3.169,IND,TE,,,,,
TE,Richard Rodgers,2700,SEA@GB 04:25PM ET,4.184,GB,TE,,,,,
TE,Virgil Green,2700,LAC@DEN 10:20PM ET,4.308,DEN,TE,,,,,
TE,Will Tye,2600,NYJ@BUF 01:00PM ET,6.124,NYJ,TE,,,,,
TE,Maxx Williams,2600,BAL@CIN 01:00PM ET,0,BAL,TE,,,,,
DST,Lions ,2600,ARI@DET 01:00PM ET,5.235,DET,DST,,,,,
DST,Titans ,2600,OAK@TEN 01:00PM ET,5.938,TEN,DST,,,,,
TE,Tyler Higbee,2600,IND@LAR 04:05PM ET,1.594,LAR,TE,,,,,
TE,Garrett Celek,2600,CAR@SF 04:25PM ET,5.063,SF,TE,,,,,
DST,Giants ,2600,NYG@DAL 08:30PM ET,8.471,NYG,DST,,,,,
TE,A.J. Derby,2600,LAC@DEN 10:20PM ET,3.1,DEN,TE,,,,,
TE,Jake Butt,2600,LAC@DEN 10:20PM ET,0,DEN,TE,,,,,
TE,Ross Travis,2500,KC@NE 08:30PM ET,0.75,KC,TE,,,,,
TE,Demetrius Harris,2500,KC@NE 08:30PM ET,2.194,KC,TE,,,,,
TE,Orson Charles,2500,KC@NE 08:30PM ET,0,KC,TE,,,,,
TE,Gavin Escobar,2500,KC@NE 08:30PM ET,0.765,KC,TE,,,,,
TE,James Winchester,2500,KC@NE 08:30PM ET,0,KC,TE,,,,,
TE,Jacob Hollister,2500,KC@NE 08:30PM ET,0,NE,TE,,,,,
TE,Sam Cotton,2500,KC@NE 08:30PM ET,0,NE,TE,,,,,
TE,Chris Gragg,2500,NYJ@BUF 01:00PM ET,0,NYJ,TE,,,,,
TE,Logan Thomas,2500,NYJ@BUF 01:00PM ET,0,BUF,TE,,,,,
TE,Eric Tomlinson,2500,NYJ@BUF 01:00PM ET,0,NYJ,TE,,,,,
TE,Neal Sterling,2500,NYJ@BUF 01:00PM ET,2.3,NYJ,TE,,,,,
TE,Nick O'Leary,2500,NYJ@BUF 01:00PM ET,1.4,BUF,TE,,,,,
TE,Wes Saxton,2500,NYJ@BUF 01:00PM ET,0,BUF,TE,,,,,
TE,Jason Croom,2500,NYJ@BUF 01:00PM ET,0,BUF,TE,,,,,
TE,Jordan Leggett,2500,NYJ@BUF 01:00PM ET,0,NYJ,TE,,,,,
TE,Brandon Barnes,2500,NYJ@BUF 01:00PM ET,0,NYJ,TE,,,,,
TE,Jason Vander Laan,2500,NYJ@BUF 01:00PM ET,0,NYJ,TE,,,,,
TE,Khari Lee,2500,NYJ@BUF 01:00PM ET,0,BUF,TE,,,,,
TE,Busta Anderson,2500,NYJ@BUF 01:00PM ET,0,BUF,TE,,,,,
TE,Jacob Tamme,2500,ATL@CHI 01:00PM ET,7.625,ATL,TE,,,,,
TE,Patrick Scales,2500,ATL@CHI 01:00PM ET,0,CHI,TE,,,,,
TE,Levine Toilolo,2500,ATL@CHI 01:00PM ET,3.194,ATL,TE,,,,,
TE,Dion Sims,2500,ATL@CHI 01:00PM ET,5.6,CHI,TE,,,,,
TE,Alex Gray,2500,ATL@CHI 01:00PM ET,0,ATL,TE,,,,,
TE,MyCole Pruitt,2500,ATL@CHI 01:00PM ET,0.825,CHI,TE,,,,,
TE,Daniel Brown,2500,ATL@CHI 01:00PM ET,4.3,CHI,TE,,,,,
TE,Joshua Perkins,2500,ATL@CHI 01:00PM ET,1.32,ATL,TE,,,,,
TE,Darion Griswold,2500,ATL@CHI 01:00PM ET,0,ATL,TE,,,,,
TE,Ben Braunecker,2500,ATL@CHI 01:00PM ET,0.623,CHI,TE,,,,,
TE,Eric Saubert,2500,ATL@CHI 01:00PM ET,0,ATL,TE,,,,,
TE,Adam Shaheen,2500,ATL@CHI 01:00PM ET,0,CHI,TE,,,,,
TE,Andrew DePaola,2500,ATL@CHI 01:00PM ET,0,CHI,TE,,,,,
TE,Clark Harris,2500,BAL@CIN 01:00PM ET,0,CIN,TE,,,,,
TE,Larry Donnell,2500,BAL@CIN 01:00PM ET,1.947,BAL,TE,,,,,
TE,Ryan Hewitt,2500,BAL@CIN 01:00PM ET,0.206,CIN,TE,,,,,
TE,Tyler Kroft,2500,BAL@CIN 01:00PM ET,1.371,CIN,TE,,,,,
TE,C.J. Uzomah,2500,BAL@CIN 01:00PM ET,5.44,CIN,TE,,,,,
TE,Ryan Malleck,2500,BAL@CIN 01:00PM ET,0,BAL,TE,,,,,
TE,Nick Boyle,2500,BAL@CIN 01:00PM ET,1.733,BAL,TE,,,,,
TE,Mason Schreck,2500,BAL@CIN 01:00PM ET,0,CIN,TE,,,,,
TE,Cethan Carter,2500,BAL@CIN 01:00PM ET,0,CIN,TE,,,,,
TE,Gary Barnidge,2500,PIT@CLE 01:00PM ET,8.138,CLE,TE,,,,,
TE,David Johnson,2500,PIT@CLE 01:00PM ET,0.953,PIT,TE,,,,,
TE,Ladarius Green,2500,PIT@CLE 01:00PM ET,9.567,PIT,TE,,,,,
TE,Xavier Grimble,2500,PIT@CLE 01:00PM ET,2.175,PIT,TE,,,,,
TE,Randall Telfer,2500,PIT@CLE 01:00PM ET,0.171,CLE,TE,,,,,
TE,Jake McGee,2500,PIT@CLE 01:00PM ET,0,PIT,TE,,,,,
TE,Seth DeValve,2500,PIT@CLE 01:00PM ET,2.892,CLE,TE,,,,,
TE,Taylor McNamara,2500,PIT@CLE 01:00PM ET,0,CLE,TE,,,,,
TE,Nate Iese,2500,PIT@CLE 01:00PM ET,0,CLE,TE,,,,,
TE,J.P. Holtz,2500,PIT@CLE 01:00PM ET,0,CLE,TE,,,,,
TE,Phazahn Odom,2500,PIT@CLE 01:00PM ET,0,PIT,TE,,,,,
TE,Darren Fells,2500,ARI@DET 01:00PM ET,2.529,DET,TE,,,,,
TE,Ifeanyi Momah,2500,ARI@DET 01:00PM ET,1.4,ARI,TE,,,,,
TE,Gerald Christian,2500,ARI@DET 01:00PM ET,0.8,ARI,TE,,,,,
TE,Troy Niklas,2500,ARI@DET 01:00PM ET,0.333,ARI,TE,,,,,
TE,Robert Tonyan,2500,ARI@DET 01:00PM ET,0,DET,TE,,,,,
TE,Hakeem Valles,2500,ARI@DET 01:00PM ET,0,ARI,TE,,,,,
TE,Cole Wick,2500,ARI@DET 01:00PM ET,0.633,DET,TE,,,,,
TE,Ricky Seals-Jones,2500,ARI@DET 01:00PM ET,0,ARI,TE,,,,,
TE,Michael Roberts,2500,ARI@DET 01:00PM ET,0,DET,TE,,,,,
TE,Scott Orndoff,2500,ARI@DET 01:00PM ET,0,DET,TE,,,,,
TE,James O'Shaughnessy,2500,JAX@HOU 01:00PM ET,0.112,JAX,TE,,,,,
TE,Marcedes Lewis,2500,JAX@HOU 01:00PM ET,4.29,JAX,TE,,,,,
TE,Mychal Rivera,2500,JAX@HOU 01:00PM ET,3.593,JAX,TE,,,,,
TE,RaShaun Allen,2500,JAX@HOU 01:00PM ET,0,HOU,TE,,,,,
TE,Alex Ellis,2500,JAX@HOU 01:00PM ET,0.683,JAX,TE,,,,,
TE,Stephen Anderson,2500,JAX@HOU 01:00PM ET,1.753,HOU,TE,,,,,
TE,Ben Koyack,2500,JAX@HOU 01:00PM ET,2.936,JAX,TE,,,,,
TE,Evan Baylis,2500,JAX@HOU 01:00PM ET,0,HOU,TE,,,,,
TE,Caleb Bluiett,2500,JAX@HOU 01:00PM ET,0,JAX,TE,,,,,
TE,David Grinnage,2500,JAX@HOU 01:00PM ET,0,JAX,TE,,,,,
TE,Anthony Fasano,2500,Postponed,1.769,MIA,TE,,,,,
TE,Luke Stocker,2500,Postponed,0.562,TB,TE,,,,,
TE,Chris Pantale,2500,Postponed,0,MIA,TE,,,,,
TE,MarQueis Gray,2500,Postponed,1.847,MIA,TE,,,,,
TE,Tevin Westbrook,2500,Postponed,0,TB,TE,,,,,
TE,Alan Cross,2500,Postponed,1.129,TB,TE,,,,,
TE,Thomas Duarte,2500,Postponed,0,MIA,TE,,,,,
TE,Antony Auclair,2500,Postponed,0,TB,TE,,,,,
DST,Raiders ,2500,OAK@TEN 01:00PM ET,5.647,OAK,DST,,,,,
TE,Lee Smith,2500,OAK@TEN 01:00PM ET,2.225,OAK,TE,,,,,
TE,Beau Brinkley,2500,OAK@TEN 01:00PM ET,0,TEN,TE,,,,,
TE,Gabe Holmes,2500,OAK@TEN 01:00PM ET,0,OAK,TE,,,,,
TE,Jerome Cunningham,2500,OAK@TEN 01:00PM ET,0,TEN,TE,,,,,
TE,Cooper Helfet,2500,OAK@TEN 01:00PM ET,0,OAK,TE,,,,,
TE,Clive Walford,2500,OAK@TEN 01:00PM ET,5.656,OAK,TE,,,,,
TE,Jace Amaro,2500,OAK@TEN 01:00PM ET,2.225,TEN,TE,,,,,
TE,Tim Semisch,2500,OAK@TEN 01:00PM ET,0,TEN,TE,,,,,
TE,Phillip Supernaw,2500,OAK@TEN 01:00PM ET,0.68,TEN,TE,,,,,
TE,Ryan O'Malley,2500,OAK@TEN 01:00PM ET,0,OAK,TE,,,,,
TE,Pharaoh Brown,2500,OAK@TEN 01:00PM ET,0,OAK,TE,,,,,
TE,Jonnu Smith,2500,OAK@TEN 01:00PM ET,0,TEN,TE,,,,,
TE,Brent Celek,2500,PHI@WAS 01:00PM ET,1.844,PHI,TE,,,,,
TE,Niles Paul,2500,PHI@WAS 01:00PM ET,0.588,WAS,TE,,,,,
TE,Trey Burton,2500,PHI@WAS 01:00PM ET,5.047,PHI,TE,,,,,
TE,Manasseh Garner,2500,PHI@WAS 01:00PM ET,0,WAS,TE,,,,,
TE,Anthony Denham,2500,PHI@WAS 01:00PM ET,0,PHI,TE,,,,,
TE,Jeremy Sprinkle,2500,PHI@WAS 01:00PM ET,0,WAS,TE,,,,,
TE,E.J. Bibbs,2500,PHI@WAS 01:00PM ET,0,WAS,TE,,,,,
TE,Adam Zaruba,2500,PHI@WAS 01:00PM ET,0,PHI,TE,,,,,
TE,Billy Brown,2500,PHI@WAS 01:00PM ET,0,PHI,TE,,,,,
TE,Cory Harkey,2500,IND@LAR 04:05PM ET,0,LAR,TE,,,,,
TE,Brandon Williams,2500,IND@LAR 04:05PM ET,0.311,IND,TE,,,,,
TE,Temarrick Hemingway,2500,IND@LAR 04:05PM ET,0,LAR,TE,,,,,
TE,Henry Krieger-Coble,2500,IND@LAR 04:05PM ET,1.15,IND,TE,,,,,
TE,Travis Wilson,2500,IND@LAR 04:05PM ET,0,LAR,TE,,,,,
TE,Derek Carrier,2500,IND@LAR 04:05PM ET,0.375,LAR,TE,,,,,
TE,Johnny Mundt,2500,IND@LAR 04:05PM ET,0,LAR,TE,,,,,
TE,Darrell Daniels,2500,IND@LAR 04:05PM ET,0,IND,TE,,,,,
TE,Gerald Everett,2500,IND@LAR 04:05PM ET,0,LAR,TE,,,,,
TE,Steven Wroblewski,2500,IND@LAR 04:05PM ET,0,IND,TE,,,,,
DST,Packers ,2500,SEA@GB 04:25PM ET,5.737,GB,DST,,,,,
TE,Lance Kendricks,2500,SEA@GB 04:25PM ET,6.931,GB,TE,,,,,
TE,Luke Willson,2500,SEA@GB 04:25PM ET,3.177,SEA,TE,,,,,
TE,Tyler Ott,2500,SEA@GB 04:25PM ET,0,SEA,TE,,,,,
TE,Marcus Lucas,2500,SEA@GB 04:25PM ET,0,SEA,TE,,,,,
TE,Nick Vannett,2500,SEA@GB 04:25PM ET,0.689,SEA,TE,,,,,
TE,Stevie Donatell,2500,SEA@GB 04:25PM ET,0,SEA,TE,,,,,
TE,Aaron Peck,2500,SEA@GB 04:25PM ET,0,GB,TE,,,,,
TE,Tyrone Swoopes,2500,SEA@GB 04:25PM ET,0,SEA,TE,,,,,
TE,Beau Sandland,2500,SEA@GB 04:25PM ET,0,GB,TE,,,,,
TE,Emanuel Byrd,2500,SEA@GB 04:25PM ET,0,GB,TE,,,,,
TE,Ed Dickson,2500,CAR@SF 04:25PM ET,1.838,CAR,TE,,,,,
TE,Logan Paulsen,2500,CAR@SF 04:25PM ET,0.281,SF,TE,,,,,
TE,Kyle Nelson,2500,CAR@SF 04:25PM ET,0,SF,TE,,,,,
TE,Eric Wallace,2500,CAR@SF 04:25PM ET,0,CAR,TE,,,,,
TE,Chris Manhertz,2500,CAR@SF 04:25PM ET,0.286,CAR,TE,,,,,
TE,Scott Simonson,2500,CAR@SF 04:25PM ET,0,CAR,TE,,,,,
TE,Bryce Williams,2500,CAR@SF 04:25PM ET,0,CAR,TE,,,,,
TE,Cole Hikutini,2500,CAR@SF 04:25PM ET,0,SF,TE,,,,,
TE,George Kittle,2500,CAR@SF 04:25PM ET,0,SF,TE,,,,,
TE,Rhett Ellison,2500,NYG@DAL 08:30PM ET,1.387,NYG,TE,,,,,
TE,James Hanna,2500,NYG@DAL 08:30PM ET,0,DAL,TE,,,,,
TE,Connor Hamlett,2500,NYG@DAL 08:30PM ET,2.9,DAL,TE,,,,,
TE,Matt LaCosse,2500,NYG@DAL 08:30PM ET,0,NYG,TE,,,,,
TE,Jerell Adams,2500,NYG@DAL 08:30PM ET,2.631,NYG,TE,,,,,
TE,Colin Thompson,2500,NYG@DAL 08:30PM ET,0,NYG,TE,,,,,
TE,Rico Gathers,2500,NYG@DAL 08:30PM ET,0,DAL,TE,,,,,
TE,Blake Jarwin,2500,NYG@DAL 08:30PM ET,0,DAL,TE,,,,,
TE,Geoff Swaim,2500,NYG@DAL 08:30PM ET,1.433,DAL,TE,,,,,
TE,M.J. McFarland,2500,NYG@DAL 08:30PM ET,0,DAL,TE,,,,,
TE,Kyle Carter,2500,NO@MIN 07:10PM ET,0,MIN,TE,,,,,
TE,David Morgan,2500,NO@MIN 07:10PM ET,0.117,MIN,TE,,,,,
TE,Josiah Price,2500,NO@MIN 07:10PM ET,0,MIN,TE,,,,,
TE,Bucky Hodges,2500,NO@MIN 07:10PM ET,0,MIN,TE,,,,,
TE,Nick Truesdell,2500,NO@MIN 07:10PM ET,0,MIN,TE,,,,,
TE,Kevin McDermott,2500,NO@MIN 07:10PM ET,0,MIN,TE,,,,,
TE,John Phillips,2500,NO@MIN 07:10PM ET,1.45,NO,TE,,,,,
TE,Michael Hoomanawanui,2500,NO@MIN 07:10PM ET,0,NO,TE,,,,,
TE,Josh Hill,2500,NO@MIN 07:10PM ET,3.989,NO,TE,,,,,
TE,Garrett Griffin,2500,NO@MIN 07:10PM ET,0,NO,TE,,,,,
TE,Braedon Bowman,2500,NO@MIN 07:10PM ET,0,NO,TE,,,,,
TE,Blake Bell,2500,NO@MIN 07:10PM ET,0.962,MIN,TE,,,,,
TE,Steven Scheu,2500,LAC@DEN 10:20PM ET,0,DEN,TE,,,,,
TE,Austin Traylor,2500,LAC@DEN 10:20PM ET,0,DEN,TE,,,,,
TE,Jeff Heuerman,2500,LAC@DEN 10:20PM ET,1.925,DEN,TE,,,,,
TE,Mike Estes,2500,LAC@DEN 10:20PM ET,0,LAC,TE,,,,,
TE,Sean Culkin,2500,LAC@DEN 10:20PM ET,0,LAC,TE,,,,,
TE,Matt Weiser,2500,LAC@DEN 10:20PM ET,0,LAC,TE,,,,,
TE,Sean McGrath,2500,LAC@DEN 10:20PM ET,0.281,LAC,TE,,,,,
TE,Jeff Cumberland,2500,LAC@DEN 10:20PM ET,0,LAC,TE,,,,,
DST,Jets ,2400,NYJ@BUF 01:00PM ET,3.75,NYJ,DST,,,,,
DST,Saints ,2400,NO@MIN 07:10PM ET,3.438,NO,DST,,,,,
DST,Chiefs ,2300,KC@NE 08:30PM ET,10,KC,DST,,,,,
DST,Bears ,2200,ATL@CHI 01:00PM ET,5.313,CHI,DST,,,,,
DST,49ers ,2100,CAR@SF 04:25PM ET,4.063,SF,DST,,,,,
DST,Browns ,2000,PIT@CLE 01:00PM ET,3.125,CLE,DST,,,,,
