Rank	EntryId	EntryName	TimeRemaining	Points	Lineup	Contest Size	Contest Format	Buy-in	Notes:	DoubleWinnings	TripleWinning	Number of games included								Player	%Drafted	FPTS
1	810778985	danforth11	0	186.64	RB Kareem Hunt FLEX Adam Thielen WR Ted Ginn Jr. DST Rams  WR Larry Fitzgerald WR Michael Crabtree TE Zach Ertz RB Le'Veon Bell QB Marcus Mariota	143	Quintuple	$1 	Excludes Florida Games			15								Zach Ertz	44.06%	17.3
2	812943529	lawdav101	0	179.76	RB Dalvin Cook WR Stefon Diggs DST Rams  QB Carson Palmer WR Michael Crabtree FLEX LeSean McCoy TE Zach Ertz RB Todd Gurley II WR Corey Coleman	143	Quintuple	$1 												David Johnson	31.47%	14.1
3	812936647	okefunk	0	175.58	WR Adam Thielen DST Rams  WR Michael Crabtree RB LeSean McCoy WR Terrelle Pryor Sr. QB Derek Carr TE Zach Ertz FLEX Todd Gurley II RB Christian McCaffrey	143	Quintuple	$1 												Le'Veon Bell	30.77%	7.7
4	812368224	stevenxd	0	168.96	RB Kareem Hunt WR Tyreek Hill WR Danny Amendola TE Coby Fleener DST Cardinals  QB Carson Palmer FLEX LeSean McCoy RB Le'Veon Bell WR Kevin White	143	Quintuple	$1 												Todd Gurley II	27.97%	20.6
5	810539020	KCchemist	0	163.98	RB Kareem Hunt RB Dalvin Cook FLEX Melvin Gordon DST Rams  TE Delanie Walker QB Derek Carr WR Jamison Crowder WR Martavis Bryant WR Davante Adams	143	Quintuple	$1 												Christian McCaffrey	21.68%	12.5
6	812067083	paulsmith_3	0	158.24	FLEX Ted Ginn Jr. DST Rams  QB Aaron Rodgers WR Torrey Smith WR Antonio Brown WR Marvin Jones Jr. TE Zach Ertz RB David Johnson RB Todd Gurley II	143	Quintuple	$1 												Chris Hogan	17.48%	3.5
7	811283404	themick52	0	157.74	FLEX Stefon Diggs WR Chris Hogan TE Coby Fleener DST Rams  WR Antonio Brown RB Carlos Hyde RB David Johnson WR Allen Robinson QB Jared Goff	143	Quintuple	$1 												Rams 	17.48%	28
8	812183751	puckembucky	0	157.14	WR Ted Ginn Jr. DST Rams  QB Aaron Rodgers FLEX Delanie Walker WR Antonio Brown WR Kendall Wright TE Zach Ertz RB Le'Veon Bell RB Todd Gurley II	143	Quintuple	$1 												Julio Jones	16.78%	10.6
9	812399306	jasonwedge	0	153.78	WR Adam Thielen DST Texans  WR Antonio Brown WR Kendall Wright TE Zach Ertz RB Lamar Miller RB David Johnson QB Carson Wentz FLEX Todd Gurley II	143	Quintuple	$1 												Kendall Wright	16.08%	6.4
9	812769157	bigirishfan75	0	153.78	DST Rams  RB LeSean McCoy WR Doug Baldwin FLEX Bilal Powell WR Antonio Brown RB LeGarrette Blount QB Derek Carr TE Zach Ertz WR Zay Jones	143	Quintuple	$1 												Larry Fitzgerald	16.08%	13.4
11	809190595	mrmoz555	0	152.18	WR Adam Thielen DST Rams  WR Larry Fitzgerald WR Kendall Wright TE Zach Ertz RB Le'Veon Bell FLEX Carlos Hyde RB David Johnson QB Carson Wentz	143	Quintuple	$1 												Tom Brady	15.38%	10.68
12	812978993	jmills0016	0	151.08	WR Chris Hogan DST Rams  WR Larry Fitzgerald FLEX LeSean McCoy WR Kendall Wright TE Zach Ertz RB David Johnson QB Carson Wentz RB Todd Gurley II	143	Quintuple	$1 												Jordan Howard	15.38%	15.6
13	812032586	tcmitem	0	150.04	DST Steelers  TE Jason Witten QB Matt Ryan WR Doug Baldwin WR Randall Cobb FLEX Carlos Hyde WR DeAndre Hopkins RB Devonta Freeman RB Todd Gurley II	143	Quintuple	$1 												Doug Baldwin	15.38%	10
14	812923802	owsiany27	0	148.58	RB C.J. Anderson WR Tyreek Hill WR Adam Thielen WR Chris Hogan DST Falcons  RB LeSean McCoy TE Zach Ertz FLEX Le'Veon Bell QB Carson Wentz	143	Quintuple	$1 												LeSean McCoy	14.69%	23.9
15	812766796	sranchntrucking	0	148.02	RB Dalvin Cook WR Stefon Diggs WR Adam Thielen DST Steelers  QB Ben Roethlisberger FLEX Eddie Lacy RB Le'Veon Bell WR Jordan Matthews TE Jesse James	143	Quintuple	$1 												Carlos Hyde	13.99%	13.7
16	810982355	colbyhornet	0	146.14	RB Kareem Hunt DST Texans  QB Aaron Rodgers WR Pierre Garcon WR Kendall Wright TE Zach Ertz RB David Johnson WR Kelvin Benjamin FLEX Todd Gurley II	143	Quintuple	$1 												Michael Crabtree	13.99%	14.3
17	812960510	jlinn0614	0	145.86	TE Coby Fleener DST Steelers  QB Carson Palmer WR Antonio Brown WR Terrelle Pryor Sr. WR John Brown FLEX Devonta Freeman RB Terrance West RB Todd Gurley II	143	Quintuple	$1 												Devonta Freeman	13.29%	11.9
18	810489987	KINGDREW248	0	145.34	WR Stefon Diggs WR Brandin Cooks DST Steelers  TE Delanie Walker WR Doug Baldwin RB LeGarrette Blount FLEX Rishard Matthews QB Marcus Mariota RB Todd Gurley II	143	Quintuple	$1 												Aaron Rodgers	12.59%	20.54
19	810364398	SadatGnosis	0	145.08	RB Kareem Hunt WR Stefon Diggs DST Vikings  QB Tom Brady TE Rob Gronkowski WR Keenan Allen WR Travis Benjamin FLEX Phillip Dorsett RB Ezekiel Elliott	143	Quintuple	$1 												Antonio Brown	12.59%	32.2
20	812741079	gizthewiz	0	143.74	QB Sam Bradford WR Adam Thielen TE Coby Fleener DST Rams  WR Doug Baldwin WR Marquise Goodwin RB Le'Veon Bell RB David Johnson FLEX Robby Anderson	143	Quintuple	$1 												Dalvin Cook	11.19%	19.7
21	811031996	BCYFCOACH2015	0	143.08	DST Vikings  WR Danny Amendola QB Matthew Stafford RB LeSean McCoy WR Pierre Garcon WR Marvin Jones Jr. TE Zach Ertz RB Le'Veon Bell FLEX Ty Montgomery	143	Quintuple	$1 												Adam Thielen	11.19%	27.7
22	809649867	ccshrts	0	141.88	WR Ted Ginn Jr. DST Rams  WR Pierre Garcon WR Kendall Wright TE Zach Ertz RB Le'Veon Bell RB David Johnson QB Carson Wentz FLEX Todd Gurley II	143	Quintuple	$1 												Matt Ryan	11.19%	20.94
23	812894567	907Roach	0	140.98	QB Tom Brady DST Rams  WR Michael Crabtree WR Antonio Brown FLEX Kendall Wright TE Zach Ertz RB Devonta Freeman WR Davante Adams RB Christian McCaffrey	143	Quintuple	$1 												Steelers 	10.49%	18
24	812958966	WilliamN	0	140.64	FLEX C.J. Anderson RB Kareem Hunt DST Texans  TE Jason Witten WR Michael Crabtree QB Cam Newton WR DeAndre Hopkins RB Devonta Freeman WR Kelvin Benjamin	143	Quintuple	$1 												Stefon Diggs	10.49%	27.7
25	810391567	joebooty2209	0	140.5	WR Brandin Cooks RB Melvin Gordon DST Rams  TE Charles Clay QB Kirk Cousins FLEX Marvin Jones Jr. WR Jamison Crowder WR Amari Cooper RB Todd Gurley II	143	Quintuple	$1 												Pierre Garcon	9.79%	14.1
26	810525985	bradschick	0	139.14	RB Melvin Gordon DST 49ers  QB Aaron Rodgers FLEX Michael Crabtree WR Doug Baldwin WR Pierre Garcon WR Golden Tate TE Zach Ertz RB Jordan Howard	143	Quintuple	$1 												Derek Carr	9.79%	18.68
27	810724910	chadcampbell42	0	138.78	RB Kareem Hunt RB Dalvin Cook DST Browns  TE Greg Olsen FLEX LeSean McCoy WR Julio Jones WR Kendall Wright QB Derek Carr WR Zay Jones	143	Quintuple	$1 												Brandin Cooks	9.09%	11.8
28	812643801	jdraegs15	0	138.64	QB Sam Bradford DST Rams  WR Larry Fitzgerald FLEX Jeremy Maclin TE Charles Clay WR Alshon Jeffery RB Le'Veon Bell WR Allen Robinson RB Todd Gurley II	143	Quintuple	$1 												Marvin Jones Jr.	9.09%	11.7
29	811118053	Battletank_II	0	138.38	DST Rams  WR Michael Crabtree WR Julio Jones WR A.J. Green FLEX Marvin Jones Jr. QB Derek Carr RB Carlos Hyde RB Todd Gurley II TE Evan Engram	143	Quintuple	$1 												Ted Ginn Jr.	9.09%	9.8
30	808127355	Dreemzii	0	137.74	QB Sam Bradford WR Ted Ginn Jr. DST Redskins  WR Pierre Garcon FLEX Julio Jones WR Mohamed Sanu TE Zach Ertz RB David Johnson RB Todd Gurley II	143	Quintuple	$1 												Terrelle Pryor Sr.	9.09%	12.6
31	810565358	bigdfan08	0	137.68	RB Dalvin Cook QB Tom Brady WR Michael Thomas DST Rams  FLEX DeMarco Murray WR Terrelle Pryor Sr. WR Corey Davis TE Austin Hooper RB Christian McCaffrey	143	Quintuple	$1 												Martavis Bryant	9.09%	3.4
32	812929408	SLASHX	0	136.64	WR Adam Thielen DST Bills  QB Matt Ryan WR Pierre Garcon RB David Johnson WR Paul Richardson FLEX Devonta Freeman RB Todd Gurley II TE Evan Engram	143	Quintuple	$1 												Rob Gronkowski	8.39%	5.3
33	812832661	marcdasilvernblack	0	135.08	WR Brandin Cooks FLEX Mark Ingram QB Philip Rivers WR Keenan Allen DST Panthers  TE Delanie Walker RB LeSean McCoy WR Seth Roberts RB Jordan Howard	143	Quintuple	$1 												Bills 	8.39%	9
34	812949823	danderson0930	0	135.04	RB Dalvin Cook WR Brandin Cooks DST Cardinals  QB Matt Ryan WR Terrelle Pryor Sr. WR Mohamed Sanu RB Devonta Freeman TE Austin Hooper FLEX Jordan Howard	143	Quintuple	$1 												Broncos 	7.69%	5
35	812949288	orange66	0	134.64	DST Jaguars  QB Matt Ryan TE Charles Clay WR Julio Jones WR A.J. Green FLEX Marvin Jones Jr. RB Todd Gurley II WR Kevin White RB Christian McCaffrey	143	Quintuple	$1 												Carson Wentz	7.69%	23.88
36	810828640	chemdudebob	0	134.6	WR Tyreek Hill WR Adam Thielen DST Vikings  QB Eli Manning WR Michael Crabtree FLEX Doug Baldwin RB David Johnson RB Todd Gurley II TE Evan Engram	143	Quintuple	$1 												Delanie Walker	7.69%	14.6
37	812881483	Slimmer69	0	134.02	WR Stefon Diggs DST Steelers  QB Ben Roethlisberger FLEX Gary Barnidge RB LeSean McCoy WR Julio Jones RB Devonta Freeman WR Eli Rogers TE Jesse James	143	Quintuple	$1 												Falcons 	6.99%	5
38	810341340	Nexus	0	133.78	DST Jaguars  WR Larry Fitzgerald WR Torrey Smith WR Marvin Jones Jr. TE Zach Ertz RB Le'Veon Bell FLEX Carlos Hyde RB David Johnson QB Carson Wentz	143	Quintuple	$1 												Jimmy Graham	6.99%	3.8
39	812838550	kochy11	0	133.28	WR Chris Hogan DST Rams  WR Michael Crabtree WR Terrelle Pryor Sr. FLEX Randall Cobb QB Derek Carr TE Zach Ertz RB Le'Veon Bell RB Carlos Hyde	143	Quintuple	$1 												Brandon Marshall	6.99%	2
40	811969033	josephme13	0	132.58	DST Colts  WR Michael Crabtree WR Antonio Brown FLEX Randall Cobb QB Derek Carr TE Zach Ertz RB Lamar Miller WR Jamison Crowder RB Jordan Howard	143	Quintuple	$1 												Zay Jones	6.99%	3.1
41	810337670	HoosierRedZone	0	131.58	RB Kareem Hunt QB Tom Brady DST Panthers  TE Jimmy Graham WR Julio Jones WR Mohamed Sanu WR Zay Jones RB Jordan Howard FLEX Christian McCaffrey	143	Quintuple	$1 												Texans 	6.99%	0
42	812853116	ct35378	0	131.24	DST Rams  WR Brandon Marshall QB Aaron Rodgers WR Larry Fitzgerald RB LeSean McCoy WR Kendall Wright TE Zach Ertz RB Le'Veon Bell FLEX Sterling Shepard	143	Quintuple	$1 												Cardinals 	6.99%	8
43	811852247	steven316	0	130.78	WR Emmanuel Sanders WR Tyreek Hill DST Vikings  QB Tom Brady TE Jason Witten RB Jonathan Stewart FLEX LeSean McCoy WR Doug Baldwin RB Carlos Hyde	143	Quintuple	$1 												Lamar Miller	6.99%	11.6
44	812829784	Intenzeplay	0	130.38	QB Tom Brady DST Lions  TE Jimmy Graham WR Antonio Brown FLEX Zach Ertz RB David Johnson WR Robby Anderson WR Cooper Kupp RB Christian McCaffrey	143	Quintuple	$1 												Davante Adams	6.29%	7.7
45	811209144	lilmink	0	130.34	WR Stefon Diggs DST Texans  QB Aaron Rodgers WR Larry Fitzgerald TE Zach Ertz WR Marquise Goodwin FLEX Lamar Miller RB David Johnson RB Todd Gurley II	143	Quintuple	$1 												Russell Wilson	6.29%	9.32
46	812955375	mentalmonkyx	0	130.14	WR Stefon Diggs DST Steelers  QB Matt Ryan WR Michael Crabtree TE Jack Doyle WR Jamison Crowder FLEX Kelvin Benjamin RB Todd Gurley II RB Jordan Howard	143	Quintuple	$1 												Rishard Matthews	6.29%	12.1
47	812813822	podunker	0	128.24	DST Rams  QB Aaron Rodgers WR Kendall Wright WR Randall Cobb TE Zach Ertz WR Marquise Goodwin FLEX Lamar Miller RB Le'Veon Bell RB David Johnson	143	Quintuple	$1 												Danny Amendola	5.59%	19
48	811068122	pats_nation_BC14	0	127.88	WR Emmanuel Sanders TE Kyle Rudolph DST Steelers  WR Michael Crabtree RB LeSean McCoy FLEX Doug Baldwin QB Derek Carr RB Carlos Hyde WR Rishard Matthews	143	Quintuple	$1 												Isaiah Crowell	5.59%	10.6
49	812908303	wrogers16	0	127.78	DST Bengals  WR Antonio Brown WR Kendall Wright TE Zach Ertz FLEX Lamar Miller RB David Johnson WR Allen Robinson QB Carson Wentz RB Jordan Howard	143	Quintuple	$1 												Carson Palmer	5.59%	11.96
50	813475078	nguyend32	0	127.48	QB Tom Brady WR Danny Amendola DST Ravens  WR Antonio Brown FLEX Kendall Wright TE Tyler Eifert RB David Johnson WR Robby Anderson RB Christian McCaffrey	143	Quintuple	$1 												Kelvin Benjamin	5.59%	3.5
51	808325925	DjandroHjandro	0	126.62	WR Tyreek Hill DST Steelers  QB Brian Hoyer TE Charles Clay RB Bilal Powell WR Terrelle Pryor Sr. FLEX David Johnson RB Ty Montgomery WR Martavis Bryant	143	Quintuple	$1 												Kareem Hunt	5.59%	49.6
52	807260999	Andersonia	0	126.58	QB Tom Brady WR Brandin Cooks WR Danny Amendola DST Steelers  WR Marvin Jones Jr. TE Zach Ertz RB Devonta Freeman FLEX Isaiah Crowell RB Jordan Howard	143	Quintuple	$1 												Ben Roethlisberger	5.59%	16.72
53	811972149	dmat123	0	126.38	TE Travis Kelce RB Dalvin Cook DST Cardinals  FLEX Jason Witten WR Larry Fitzgerald WR Doug Baldwin WR Julio Jones QB Carson Wentz RB Christian McCaffrey	143	Quintuple	$1 												Coby Fleener	5.59%	16.4
54	807448887	bandit2121	0	126.24	FLEX Dalvin Cook DST Steelers  QB Aaron Rodgers WR Doug Baldwin WR Kendall Wright TE Zach Ertz RB David Johnson WR Davante Adams RB Christian McCaffrey	143	Quintuple	$1 												Allen Robinson	5.59%	2.7
55	811737156	cmchehadeh	0	125.86	WR Stefon Diggs WR Chris Hogan DST Panthers  QB Carson Palmer TE Martellus Bennett FLEX LeSean McCoy WR Martavis Bryant RB Todd Gurley II RB Christian McCaffrey	143	Quintuple	$1 												A.J. Green	4.90%	12.4
56	812235782	Dawsy96	0	125.74	WR Stefon Diggs DST Rams  TE Jimmy Graham RB Bilal Powell WR A.J. Green WR Rishard Matthews FLEX Martavis Bryant RB Isaiah Crowell QB Marcus Mariota	143	Quintuple	$1 												Tyreek Hill	4.90%	29.8
57	810471024	Wolfscurse	0	125.48	QB Tom Brady DST Texans  WR Antonio Brown RB LeGarrette Blount WR Marvin Jones Jr. TE Zach Ertz WR Alshon Jeffery RB Todd Gurley II FLEX Christian McCaffrey	143	Quintuple	$1 												Bilal Powell	4.90%	8.9
58	812940596	lsujrfan	0	125.38	DST Broncos  QB Matthew Stafford WR Terrelle Pryor Sr. WR T.Y. Hilton TE Zach Ertz FLEX Sammy Watkins WR Davante Adams RB Todd Gurley II RB Jordan Howard	143	Quintuple	$1 												Jamison Crowder	4.90%	3.4
59	810856550	LittleISH	0	124.48	WR Adam Thielen QB Tom Brady DST Colts  TE Zach Ertz RB David Johnson WR Sterling Shepard RB Ezekiel Elliott WR Zay Jones FLEX Jordan Howard	143	Quintuple	$1 												Amari Cooper	4.90%	17.2
60	811462241	Adderall30mg	0	123.64	WR Emmanuel Sanders DST Broncos  WR Stefon Diggs QB Matt Ryan WR Pierre Garcon TE Zach Ertz RB Lamar Miller RB Le'Veon Bell FLEX Carlos Hyde	143	Quintuple	$1 												Sterling Shepard	4.90%	12
61	810335396	harrycampbell42	0	122.54	WR Stefon Diggs DST Raiders  RB Frank Gore QB Matt Ryan WR Jordy Nelson TE Zach Ertz RB Le'Veon Bell WR Rishard Matthews FLEX Davante Adams	143	Quintuple	$1 												Panthers 	4.90%	15
62	808870019	egeise3	0	121.84	RB Dalvin Cook WR Brandin Cooks DST Ravens  WR Larry Fitzgerald TE Ladarius Green FLEX Jamison Crowder QB Marcus Mariota WR Amari Cooper RB Christian McCaffrey	143	Quintuple	$1 												Keenan Allen	4.90%	14.5
63	812972855	myliverh8sme	0	119.98	DST Bills  WR Doug Baldwin WR Kendall Wright TE Zach Ertz RB Lamar Miller RB Le'Veon Bell WR DeAndre Hopkins QB Carson Wentz FLEX Jordan Howard	143	Quintuple	$1 												LeGarrette Blount	4.90%	11.7
64	812832110	cyidoit	0	119.66	QB Trevor Siemian WR Keenan Allen DST Falcons  WR Julio Jones TE Tyler Eifert RB Carlos Hyde WR Corey Coleman FLEX Ezekiel Elliott RB Christian McCaffrey	143	Quintuple	$1 												Martellus Bennett	4.20%	7.3
65	810933286	joshraser	0	119.54	DST Cowboys  QB Aaron Rodgers WR Jordy Nelson RB Bilal Powell TE Zach Ertz FLEX David Johnson WR Paul Richardson WR Jamison Crowder RB Christian McCaffrey	143	Quintuple	$1 												Robby Anderson	4.20%	6.2
66	810345396	lfdoctor23	0	119.42	DST Chiefs  FLEX Delanie Walker WR Antonio Brown WR A.J. Green WR Mohamed Sanu QB Dak Prescott TE Evan Engram RB Jordan Howard RB Joe Mixon	143	Quintuple	$1 												Kevin White	4.20%	2.6
67	809389116	Beelio24	0	119.18	QB Tom Brady WR Chris Hogan WR Danny Amendola DST Ravens  TE Zach Ertz RB Le'Veon Bell RB David Johnson WR Paul Richardson FLEX Sterling Shepard	143	Quintuple	$1 												Alshon Jeffery	4.20%	8.8
68	811816746	TheBigTicket	0	119.04	FLEX Dalvin Cook WR Chris Hogan DST Texans  RB LeSean McCoy TE Zach Ertz RB David Johnson WR Kelvin Benjamin WR Cooper Kupp QB Jared Goff	143	Quintuple	$1 												Melvin Gordon	4.20%	18.9
69	812886963	alex.padmore	0	118.6	WR Ted Ginn Jr. DST Cardinals  QB Eli Manning WR Larry Fitzgerald TE Zach Ertz RB Le'Veon Bell WR DeAndre Hopkins RB Todd Gurley II FLEX Jordan Howard	143	Quintuple	$1 												Evan Engram	4.20%	8.4
70	812574366	sgogineni	0	118.54	DST Bills  QB Matt Ryan WR Larry Fitzgerald RB LeSean McCoy WR Kendall Wright TE Zach Ertz RB Le'Veon Bell FLEX Carlos Hyde WR Robby Anderson	143	Quintuple	$1 												Vikings 	4.20%	2
71	811740116	det.num1	0	118.3	WR Tyreek Hill RB Latavius Murray FLEX James White TE Coby Fleener DST Falcons  QB Andy Dalton WR Antonio Brown WR Julio Jones RB Devonta Freeman	143	Quintuple	$1 												Michael Thomas	4.20%	9.5
72	811657660	Wcenteno86	0	118.22	WR Adam Thielen TE Rob Gronkowski DST Patriots  RB LeSean McCoy QB Russell Wilson WR Marvin Jones Jr. RB Todd Gurley II WR Zay Jones FLEX Jordan Howard	143	Quintuple	$1 												Emmanuel Sanders	4.20%	5.6
73	812920278	leif74	0	117.54	DST Rams  WR Brandon Marshall QB Aaron Rodgers WR Kendall Wright TE Zach Ertz FLEX Lamar Miller RB Le'Veon Bell RB David Johnson WR Paul Richardson	143	Quintuple	$1 												DeAndre Hopkins	4.20%	18.5
74	811925002	coreymaggs	0	117.2	WR Demaryius Thomas DST Panthers  TE Delanie Walker QB Eli Manning WR Michael Crabtree FLEX Doug Baldwin WR Davante Adams RB Todd Gurley II RB Jordan Howard	143	Quintuple	$1 												Mohamed Sanu	3.50%	10.7
75	812341220	tonydonutz	0	117.08	DST Bengals  WR Antonio Brown WR Kendall Wright TE Zach Ertz FLEX Lamar Miller RB Le'Veon Bell WR Allen Robinson RB Jordan Howard QB DeShone Kizer	143	Quintuple	$1 												Charles Clay	3.50%	15.3
76	812847633	Kylecunn	0	117	FLEX Brandin Cooks DST Steelers  WR Jeremy Maclin RB LeSean McCoy QB Kirk Cousins WR Terrelle Pryor Sr. WR Kevin White TE Evan Engram RB Christian McCaffrey	143	Quintuple	$1 												Marcus Mariota	3.50%	18.84
77	812766869	oODEADMONEYOo	0	116.78	QB Tom Brady DST Texans  FLEX Jimmy Graham WR Michael Crabtree RB LeSean McCoy WR Pierre Garcon TE Zach Ertz WR Rishard Matthews RB Todd Gurley II	143	Quintuple	$1 												Paul Richardson	3.50%	9.9
78	812903901	Nashsters	0	116.72	RB Adrian Peterson DST Panthers  WR Jordy Nelson FLEX Greg Olsen WR Larry Fitzgerald RB Marshawn Lynch TE Zach Ertz QB Dak Prescott WR Amari Cooper	143	Quintuple	$1 												Jordy Nelson	3.50%	20.9
79	812757908	jbouvier53	0	116.54	DST Broncos  TE Jason Witten QB Aaron Rodgers RB Jonathan Stewart FLEX Pierre Garcon WR Julio Jones WR Randall Cobb RB Devonta Freeman WR Tyler Lockett	143	Quintuple	$1 												Raiders 	3.50%	2
80	812871909	lorenl	0	116.24	DST Falcons  QB Aaron Rodgers WR Larry Fitzgerald WR Doug Baldwin RB Bilal Powell WR Kendall Wright TE Zach Ertz RB David Johnson FLEX Todd Gurley II	143	Quintuple	$1 												Kirk Cousins	3.50%	13.6
81	812921571	demarchi411	0	115.52	FLEX Adrian Peterson DST Steelers  WR Brandon Marshall TE Delanie Walker QB Ben Roethlisberger WR Michael Crabtree WR Antonio Brown RB Jeremy Hill RB Christian McCaffrey	143	Quintuple	$1 												Greg Olsen	3.50%	3.8
82	809479474	1topdawg	0	115.38	QB Tom Brady RB James White WR Danny Amendola FLEX Melvin Gordon DST Panthers  WR Julio Jones RB David Johnson WR Seth Roberts TE Evan Engram	143	Quintuple	$1 												C.J. Anderson	3.50%	9.8
83	812949036	mattffmd	0	114.86	TE Rob Gronkowski RB Melvin Gordon DST Bills  WR Jordy Nelson FLEX Brandon LaFell QB Tyrod Taylor WR John Brown WR Jordan Matthews RB Ty Montgomery	143	Quintuple	$1 												Jason Witten	3.50%	18.9
84	811375565	PmpTyt09	0	113.74	WR Chris Hogan DST Falcons  QB Matt Ryan WR Doug Baldwin WR Marvin Jones Jr. TE Zach Ertz FLEX David Johnson RB Isaiah Crowell RB Todd Gurley II	143	Quintuple	$1 												Randall Cobb	3.50%	17.5
85	811326826	TACR8RS	0	112.88	FLEX C.J. Anderson DST Steelers  TE Delanie Walker WR Michael Crabtree WR Marvin Jones Jr. QB Derek Carr RB Le'Veon Bell RB Devonta Freeman WR Robby Anderson	143	Quintuple	$1 												Ty Montgomery	2.80%	19.3
86	812937472	jarrco	0	110.66	DST Falcons  WR Brandon Marshall QB Carson Palmer WR Larry Fitzgerald WR Terrelle Pryor Sr. TE Zach Ertz RB Carlos Hyde RB David Johnson FLEX Todd Gurley II	143	Quintuple	$1 												Jeremy Maclin	2.80%	13.6
87	809825329	cwb3000	0	110.62	WR Adam Thielen DST Vikings  FLEX Rob Gronkowski WR Michael Crabtree QB Russell Wilson WR Kendall Wright TE Zach Ertz RB Le'Veon Bell RB Todd Gurley II	143	Quintuple	$1 												Marshawn Lynch	2.80%	10.2
88	812802747	TeamSparta	0	110.5	WR Stefon Diggs DST Raiders  FLEX Darren Sproles TE Zach Miller QB Eli Manning WR Julio Jones RB David Johnson WR DeAndre Hopkins RB Christian McCaffrey	143	Quintuple	$1 												Darren Sproles	2.80%	9.5
89	811733898	skinners	0	109.84	DST Rams  WR Brandon Marshall QB Aaron Rodgers FLEX Mike Wallace WR Kendall Wright TE Zach Ertz RB Le'Veon Bell RB David Johnson WR Sterling Shepard	143	Quintuple	$1 												Tyler Eifert	2.80%	1.4
90	812648546	ForeverJung	0	109.62	RB Dalvin Cook WR Adam Thielen FLEX Michael Thomas DST Falcons  TE Delanie Walker QB Ben Roethlisberger WR Doug Baldwin WR Martavis Bryant RB Rob Kelley	143	Quintuple	$1 												Ezekiel Elliott	2.80%	22
91	812851000	MoneyTrain18	0	108.98	DST Broncos  WR Brandon Marshall WR Kendall Wright TE Zach Ertz RB Le'Veon Bell RB David Johnson QB Carson Wentz WR Sterling Shepard FLEX Todd Gurley II	143	Quintuple	$1 												49ers 	2.80%	4
92	811749342	keonip11	0	107.34	DST Bills  WR Brandon Marshall QB Aaron Rodgers WR Larry Fitzgerald WR Michael Crabtree TE Zach Ertz RB Carlos Hyde RB David Johnson FLEX Rob Kelley	143	Quintuple	$1 												Browns 	2.80%	3
93	810992881	amadden18	0	107.12	DST Cardinals  QB Ben Roethlisberger FLEX Jimmy Graham TE Martellus Bennett WR Doug Baldwin WR Julio Jones RB Todd Gurley II WR Cooper Kupp RB Christian McCaffrey	143	Quintuple	$1 												Travis Kelce	2.80%	9.4
94	810934672	The-Vigilantes	0	107.08	WR Chris Hogan WR Ted Ginn Jr. DST Cardinals  WR Larry Fitzgerald TE Zach Ertz RB Le'Veon Bell FLEX Carlos Hyde RB David Johnson QB DeShone Kizer	143	Quintuple	$1 												Eli Manning	2.80%	7.7
95	812256198	sweetd23	0	106.98	RB Dalvin Cook FLEX Chris Hogan DST 49ers  WR Julio Jones QB Derek Carr TE Zach Ertz WR Kelvin Benjamin WR Amari Cooper RB Christian McCaffrey	143	Quintuple	$1 												Colts 	2.80%	2
96	812874917	skibags	0	106.62	FLEX Brandin Cooks DST Patriots  WR Ted Ginn Jr. WR Michael Crabtree WR DeAndre Hopkins QB Dak Prescott RB Devonta Freeman RB Ty Montgomery TE Eric Ebron	143	Quintuple	$1 												Jonathan Stewart	2.80%	16.2
97	809394084	dagpcservice	0	106.1	WR Tyreek Hill WR Danny Amendola DST Cowboys  TE Jimmy Graham FLEX Julio Jones WR Mohamed Sanu RB Le'Veon Bell QB Joshua Dobbs RB Christian McCaffrey	143	Quintuple	$1 												Adrian Peterson	2.80%	1.8
98	812860660	Bagged0ut	0	104.82	RB C.J. Anderson DST Bills  TE Delanie Walker FLEX LeSean McCoy WR Pierre Garcon QB Russell Wilson RB LeGarrette Blount WR Julio Jones WR Tavon Austin	143	Quintuple	$1 												Sam Bradford	2.10%	28.54
99	810249167	tonydagod0007	0	104.78	QB Tom Brady DST Saints  WR Keenan Allen TE Delanie Walker WR Brandon LaFell FLEX Theo Riddick RB Carlos Hyde RB David Johnson WR Amari Cooper	143	Quintuple	$1 												Ravens 	2.10%	25
100	811791206	soulwonder	0	104.64	RB Dalvin Cook WR Brandin Cooks FLEX Keenan Allen TE Antonio Gates DST Raiders  QB Aaron Rodgers WR Allen Robinson WR Amari Cooper RB Christian McCaffrey	143	Quintuple	$1 												James White	2.10%	9.8
101	812234852	ramey4uva	0	104.62	DST Chiefs  WR Adam Thielen WR Larry Fitzgerald QB Russell Wilson TE Zach Ertz FLEX Le'Veon Bell RB Devonta Freeman WR Tyler Lockett RB Christian McCaffrey	143	Quintuple	$1 												Frank Gore	2.10%	6.2
102	811719327	whatwhatintheputt88	0	104.6	TE Travis Kelce FLEX Danny Amendola DST Bills  RB Darren Sproles QB Kirk Cousins WR Terrelle Pryor Sr. WR Marvin Jones Jr. RB Le'Veon Bell WR Rishard Matthews	143	Quintuple	$1 												Torrey Smith	2.10%	4
103	810992311	w3lchy	0	103.92	WR Stefon Diggs WR Ted Ginn Jr. DST Bills  FLEX Mike Wallace QB Russell Wilson TE Zach Ertz WR Alshon Jeffery RB Le'Veon Bell RB Christian McCaffrey	143	Quintuple	$1 												Chiefs 	2.10%	3
104	811865617	redawgs	0	103.64	WR Chris Hogan FLEX Rob Gronkowski WR Michael Thomas TE Coby Fleener DST Falcons  QB Matt Ryan WR Terrelle Pryor Sr. RB Todd Gurley II RB Tevin Coleman	143	Quintuple	$1 												Dak Prescott	2.10%	17.12
105	810748940	jenniferscott	0	102.62	TE Rob Gronkowski WR Ted Ginn Jr. DST 49ers  QB Ben Roethlisberger WR Antonio Brown RB Terrance West WR Martavis Bryant RB Isaiah Crowell FLEX Taylor Gabriel	143	Quintuple	$1 												DeMarco Murray	2.10%	8
106	811820034	SlickRick777	0	102.28	DST Broncos  QB Tom Brady WR Chris Hogan RB Jonathan Stewart WR Dez Bryant WR A.J. Green TE Zach Ertz FLEX J.J. Nelson RB Jordan Howard	143	Quintuple	$1 												Taylor Gabriel	2.10%	6.6
107	811397653	THEROBBOB20	0	101.38	TE Travis Kelce WR Ted Ginn Jr. DST Browns  WR Larry Fitzgerald WR Kendall Wright RB Le'Veon Bell FLEX Carlos Hyde RB David Johnson QB Carson Wentz	143	Quintuple	$1 												DeShone Kizer	2.10%	19.58
108	810505960	12wbroy123	0	100.36	DST Broncos  QB Carson Palmer FLEX Greg Olsen WR Larry Fitzgerald WR Michael Crabtree TE Zach Ertz RB David Johnson WR Paul Richardson RB Isaiah Crowell	143	Quintuple	$1 												Cooper Kupp	2.10%	17.6
109	811533868	kkbdad	0	98.52	DST Cardinals  WR Larry Fitzgerald WR Doug Baldwin QB Russell Wilson TE Zach Ertz RB David Johnson FLEX Allen Robinson RB Todd Gurley II WR Zay Jones	143	Quintuple	$1 												Marquise Goodwin	2.10%	5.1
110	811712809	troyjr12	0	98.34	WR Keenan Allen TE Antonio Gates DST Bills  RB Matt Forte RB DeMarco Murray WR Doug Baldwin WR Rishard Matthews QB Marcus Mariota FLEX Jordan Howard	143	Quintuple	$1 												John Brown	2.10%	8.2
111	812821655	noguy88	0	98.16	RB Dion Lewis WR Chris Hogan DST Rams  QB Carson Palmer TE Jared Cook WR Julio Jones FLEX David Johnson RB Devonta Freeman WR Taylor Gabriel	143	Quintuple	$1 												Jordan Matthews	2.10%	8.1
112	810863508	Twinklenuts	0	98.08	RB C.J. Anderson WR Chris Hogan DST Falcons  FLEX Julio Jones QB Derek Carr TE Zach Ertz WR Kelvin Benjamin WR Amari Cooper RB Christian McCaffrey	143	Quintuple	$1 												Zach Miller	2.10%	7.9
113	812858963	GUNNY346	0	97.14	DST Vikings  WR Keenan Allen QB Matt Ryan TE Jared Cook WR Eric Decker RB David Johnson WR Martavis Bryant FLEX Sterling Shepard RB Jordan Howard	143	Quintuple	$1 												Brian Hoyer	1.40%	5.22
114	812929895	TxO1Lman	0	96.49999	TE Coby Fleener DST Chargers  WR Brandon Marshall WR Doug Baldwin QB Kirk Cousins WR Terrelle Pryor Sr. RB Le'Veon Bell FLEX Carlos Hyde RB Christian McCaffrey	143	Quintuple	$1 												Jack Doyle	1.40%	6.1
115	812972911	ThugNasty23	0	96.28001	QB Tom Brady WR Chris Hogan TE Coby Fleener DST Cardinals  RB Frank Gore RB David Johnson WR Martavis Bryant WR Sterling Shepard FLEX Ezekiel Elliott	143	Quintuple	$1 												Joe Mixon	1.40%	5.4
116	812870244	mr_sconnie	0	96.22	DST Cardinals  TE Zach Miller WR Larry Fitzgerald QB Brian Hoyer WR Pierre Garcon RB Le'Veon Bell FLEX Carlos Hyde RB David Johnson WR Rishard Matthews	143	Quintuple	$1 												Cowboys 	1.40%	12
117	808509522	vnchnz0	0	95.62	DST Broncos  TE Jimmy Graham WR Jeremy Maclin WR Pierre Garcon QB Russell Wilson FLEX Bilal Powell RB David Johnson WR Robby Anderson RB Todd Gurley II	143	Quintuple	$1 												Seth Roberts	1.40%	8.9
118	811783499	moneymrk	0	95.24	DST Chiefs  QB Matt Ryan FLEX DeMarco Murray RB Bilal Powell WR Julio Jones WR John Brown TE Zach Ertz WR Allen Robinson RB Jordan Howard	143	Quintuple	$1 												Brandon LaFell	1.40%	5.4
119	809381636	Brady4EVR	0	94.78	DST Broncos  QB Tom Brady WR Ted Ginn Jr. WR Pierre Garcon TE Zach Ertz RB Le'Veon Bell WR Tyler Boyd RB Jordan Howard FLEX Christian McCaffrey	143	Quintuple	$1 												Jaguars 	1.40%	28
120	812756578	tuttuman	0	93.27999	QB Tom Brady RB Rex Burkhead WR Chris Hogan TE Rob Gronkowski DST Rams  WR Julio Jones WR Marvin Jones Jr. FLEX Davante Adams RB Christian McCaffrey	143	Quintuple	$1 												Austin Hooper	1.40%	23.8
121	812836729	flamethrowers	0	93.02	WR Emmanuel Sanders DST Broncos  FLEX Zach Miller QB Ben Roethlisberger TE Zach Ertz WR Alshon Jeffery RB Le'Veon Bell WR Martavis Bryant RB Todd Gurley II	143	Quintuple	$1 												Terrance West	1.40%	14
122	811200067	Steveakers	0	92.84	WR Stefon Diggs WR Chris Hogan TE Rob Gronkowski DST Browns  RB Marshawn Lynch FLEX Jeremy Maclin QB Cam Newton RB Devonta Freeman WR Kelvin Benjamin	143	Quintuple	$1 												Mike Wallace	1.40%	1.8
123	807887981	stevestehr	0	92.56	RB Dalvin Cook WR Chris Hogan DST Falcons  QB Carson Palmer TE Jimmy Graham WR Doug Baldwin WR A.J. Green RB Carlos Hyde FLEX Christian McCaffrey	143	Quintuple	$1 												Matthew Stafford	1.40%	28.08
124	812704311	tysonwfreeman	0	91.53999	WR Adam Thielen FLEX Adrian Peterson DST Colts  QB Matt Ryan RB LeGarrette Blount WR Julio Jones WR Cole Beasley RB Le'Veon Bell TE Eric Ebron	143	Quintuple	$1 												Cam Newton	1.40%	14.14
125	808412426	BradB20	0	91.14001	DST Broncos  QB Aaron Rodgers TE Martellus Bennett WR Martavis Bryant WR Kelvin Benjamin FLEX Isaiah Crowell WR Davante Adams RB Todd Gurley II RB Christian McCaffrey	143	Quintuple	$1 												Jared Goff	1.40%	19.44
126	811763487	mikesingerco	0	90.74001	WR Emmanuel Sanders DST Panthers  QB Matt Ryan TE Greg Olsen FLEX Lamar Miller RB Devonta Freeman WR Jamison Crowder WR Donte Moncrief RB Christian McCaffrey	143	Quintuple	$1 												Patriots 	1.40%	1
127	812652469	andrewa06	0	90.42001	RB Adrian Peterson DST Bills  QB Ben Roethlisberger WR Eric Decker TE Charles Clay FLEX Le'Veon Bell WR Jordan Matthews WR Martavis Bryant RB Leonard Fournette	143	Quintuple	$1 												Antonio Gates	1.40%	3.7
128	812281559	aimhigh4	0	88.98	DST Browns  FLEX Darren McFadden TE Martellus Bennett WR Pierre Garcon WR Terrelle Pryor Sr. WR T.Y. Hilton RB David Johnson RB Isaiah Crowell QB DeShone Kizer	143	Quintuple	$1 												Rob Kelley	1.40%	3
129	810737972	xomar80x	0	88.34	TE Travis Kelce WR Ted Ginn Jr. DST Texans  QB Aaron Rodgers WR Kendall Wright FLEX Zach Ertz RB Le'Veon Bell RB David Johnson WR Zay Jones	143	Quintuple	$1 												Tyler Lockett	1.40%	1.8
130	812557177	Winner476	0	87.34	DST Broncos  WR Brandon Marshall QB Matt Ryan WR Julio Jones TE Zach Ertz RB Carlos Hyde RB David Johnson FLEX C.J. Prosise WR Kevin White	143	Quintuple	$1 												T.Y. Hilton	1.40%	7.7
131	808648516	clucia117	0	86.88	DST Titans  WR Doug Baldwin TE Jack Doyle QB Derek Carr WR Alshon Jeffery RB Devonta Freeman WR Martavis Bryant RB Todd Gurley II FLEX Joe Mixon	143	Quintuple	$1 												Bengals 	1.40%	4
132	811818620	gabewon	0	85.88	WR Adam Thielen WR Chris Hogan TE Hunter Henry DST Raiders  WR A.J. Green QB Derek Carr FLEX Tyler Eifert RB Le'Veon Bell RB Christian McCaffrey	143	Quintuple	$1 												Eric Decker	1.40%	4
133	809997513	arkadymo	0	85.84	WR Brandin Cooks FLEX Michael Thomas DST Jets  RB Frank Gore RB Darren Sproles WR Brandon Marshall QB Aaron Rodgers WR Jordy Nelson TE Tyler Eifert	143	Quintuple	$1 												Eric Ebron	1.40%	2.9
134	812586111	chillywil	0	85.74001	WR Brandin Cooks WR Chris Hogan QB Drew Brees WR Michael Thomas DST Bills  RB Marshawn Lynch RB Jonathan Stewart TE Martellus Bennett FLEX Kevin White	143	Quintuple	$1 												Rex Burkhead	1.40%	3.3
135	810650724	foxboronorth	0	85.58	WR Brandin Cooks WR Chris Hogan FLEX Rob Gronkowski DST Raiders  WR Larry Fitzgerald TE Martellus Bennett RB LeGarrette Blount QB Derek Carr RB Devonta Freeman	143	Quintuple	$1 												Jesse James	1.40%	22.1
136	810926481	dommies99	0	84.92	FLEX James White DST Colts  RB LeSean McCoy QB Russell Wilson WR Antonio Brown WR Jaron Brown WR Kenny Stills RB Le'Veon Bell TE Andrew DePaola	143	Quintuple	$1 												Jared Cook	1.40%	10.6
137	811782789	Rigoli	0	84.72	DST Texans  WR Larry Fitzgerald QB Russell Wilson TE Zach Ertz RB Le'Veon Bell FLEX Isaiah Crowell WR Allen Robinson RB Todd Gurley II WR Zay Jones	143	Quintuple	$1 												Corey Coleman	1.40%	16.3
138	808509622	EchelonArmy	0	83.88	QB Tom Brady WR Brandin Cooks WR Chris Hogan DST Steelers  RB Marshawn Lynch TE Jimmy Graham WR Davante Adams FLEX Kevin White RB Jordan Howard	143	Quintuple	$1 												Redskins 	0.70%	12
139	812972231	macmajic	0	81.88	RB Dalvin Cook QB Tom Brady RB Rex Burkhead WR Chris Hogan TE Rob Gronkowski WR Michael Thomas DST Steelers  WR Alshon Jeffery FLEX Zay Jones	143	Quintuple	$1 												Titans 	0.70%	2
140	811015578	steelcitybeatdown	0	81.48	QB Tom Brady DST 49ers  WR Torrey Smith RB LeGarrette Blount WR Julio Jones TE Zach Ertz RB Le'Veon Bell WR Rishard Matthews FLEX Martavis Bryant	143	Quintuple	$1 												Ladarius Green	0.70%	0
141	811214696	rondl	0	75.04	WR Emmanuel Sanders WR Chris Hogan RB Melvin Gordon DST Texans  QB Matt Ryan FLEX Greg Olsen TE Jimmy Graham RB Devonta Freeman WR Taylor Gabriel	143	Quintuple	$1 												Tyler Boyd	0.70%	2.1
142	812595627	ELDucharmeIII	0	67.2	RB Dalvin Cook WR Malcolm Mitchell TE Rob Gronkowski DST Cardinals  QB Kirk Cousins WR Jermaine Kearse RB Le'Veon Bell FLEX Neal Sterling WR Odell Beckham Jr.	143	Quintuple	$1 												Joshua Dobbs	0.70%	0
143	811647559	brown55	0	64.68	RB Jamaal Charles QB Tom Brady WR Chris Hogan TE Rob Gronkowski DST Bills  RB Darren Sproles WR Doug Baldwin FLEX Julio Jones WR Zay Jones	143	Quintuple	$1 												Jets 	0.70%	4
																				Saints 	0.70%	0
																				Theo Riddick	0.70%	14.6
																				Travis Benjamin	0.70%	13.3
																				Phillip Dorsett	0.70%	0
																				Golden Tate	0.70%	24.4
																				Corey Davis	0.70%	12.9
																				Jaron Brown	0.70%	0
																				Kenny Stills	0.70%	0
																				Andrew DePaola	0.70%	0
																				Kyle Rudolph	0.70%	11.6
																				Jamaal Charles	0.70%	3
																				Matt Forte	0.70%	6.6
																				Latavius Murray	0.70%	0.6
																				Andy Dalton	0.70%	2
																				Donte Moncrief	0.70%	6
																				Hunter Henry	0.70%	0
																				Dez Bryant	0.70%	6.3
																				J.J. Nelson	0.70%	15.3
																				Tevin Coleman	0.70%	9.8
																				Demaryius Thomas	0.70%	11.7
																				Darren McFadden	0.70%	0
																				C.J. Prosise	0.70%	1.1
																				Drew Brees	0.70%	15.64
																				Malcolm Mitchell	0.70%	0
																				Jermaine Kearse	0.70%	12.9
																				Neal Sterling	0.70%	0
																				Odell Beckham Jr.	0.70%	0
																				Leonard Fournette	0.70%	24.4
																				Cole Beasley	0.70%	6.2
																				Eddie Lacy	0.70%	0.3
																				Dion Lewis	0.70%	0.9
																				Lions 	0.70%	16
																				Trevor Siemian	0.70%	23.66
																				Mark Ingram	0.70%	12.1
																				Philip Rivers	0.70%	18.68
																				Tavon Austin	0.70%	1.8
																				Gary Barnidge	0.70%	0
																				Eli Rogers	0.70%	3.1
																				Jeremy Hill	0.70%	3.4
																				Chargers 	0.70%	8
																				Sammy Watkins	0.70%	10.8
																				Tyrod Taylor	0.70%	19.76
